StrategyName,EntryTime,LastModTime,State,LastUpdateType,Symbol,Side,Type,TIF,Price,Quantity,DisplayQuantity,FilledQty,Remains,AvgFillPrice,ExecutionCost,Account,Trader,Broker,MarketCenter,OrderId,Tag,Reason
T3INTC,2019-Oct-01 13:30:00.720000,2019-Oct-01 13:30:00.720000,FILLED,FILL,SPY,BUY,LIMIT,DAY,297.720000,5,0,5,0,297.720000,0.006000,SIM-1001-101,dlariviere,FILL_SIMULATOR,IEX,361425793267662,,
T3INTC,2019-Oct-01 13:30:01.551000,2019-Oct-01 13:30:01.551000,FILLED,FILL,SPY,SELL,LIMIT,DAY,297.720000,-5,0,-5,0,297.720000,0.039345,SIM-1001-101,dlariviere,FILL_SIMULATOR,IEX,361425793267663,,
T3INTC,2019-Oct-01 13:30:06.781000,2019-Oct-01 13:30:06.781000,FILLED,FILL,SPY,BUY,LIMIT,DAY,297.730000,100,0,100,0,297.730000,0.120000,SIM-1001-101,dlariviere,FILL_SIMULATOR,IEX,361425793267664,,
T3INTC,2019-Oct-01 13:31:22.397000,2019-Oct-01 13:31:22.397000,FILLED,FILL,SPY,SELL,LIMIT,DAY,297.910000,-100,0,-100,0,297.910000,0.787318,SIM-1001-101,dlariviere,FILL_SIMULATOR,IEX,361425793267665,,
T3INTC,2019-Oct-01 13:34:04.422000,2019-Oct-01 13:34:04.422000,FILLED,FILL,SPY,BUY,LIMIT,DAY,297.900000,300,0,300,0,297.900000,0.360000,SIM-1001-101,dlariviere,FILL_SIMULATOR,IEX,361425793267666,,
T3INTC,2019-Oct-01 13:34:23.162000,2019-Oct-01 13:34:23.162000,FILLED,FILL,SPY,SELL,LIMIT,DAY,297.980000,-300,0,-300,0,297.980000,2.362426,SIM-1001-101,dlariviere,FILL_SIMULATOR,IEX,361425793267667,,
T3INTC,2019-Oct-01 13:41:26.684000,2019-Oct-01 13:41:26.684000,FILLED,FILL,SPY,BUY,LIMIT,DAY,298.150000,70,0,70,0,298.150000,0.084000,SIM-1001-101,dlariviere,FILL_SIMULATOR,IEX,361425793267668,,
T3INTC,2019-Oct-01 13:51:51.103000,2019-Oct-01 13:51:51.103000,FILLED,FILL,SPY,SELL,LIMIT,DAY,298.320000,-70,0,-70,0,298.320000,0.551766,SIM-1001-101,dlariviere,FILL_SIMULATOR,IEX,361425793267669,,
T3INTC,2019-Oct-01 14:00:30.604000,2019-Oct-01 14:00:30.604000,FILLED,FILL,SPY,BUY,LIMIT,DAY,297.500000,500,0,500,0,297.500000,0.600000,SIM-1001-101,dlariviere,FILL_SIMULATOR,IEX,361425793267670,,
T3INTC,2019-Oct-01 14:02:29.813000,2019-Oct-01 14:02:29.813000,FILLED,FILL,SPY,SELL,LIMIT,DAY,297.400000,-500,0,-500,0,297.400000,3.930880,SIM-1001-101,dlariviere,FILL_SIMULATOR,IEX,361425793267671,,
T3INTC,2019-Oct-01 14:04:38.148000,2019-Oct-01 14:04:38.148000,FILLED,FILL,SPY,BUY,LIMIT,DAY,296.990000,100,0,100,0,296.990000,0.120000,SIM-1001-101,dlariviere,FILL_SIMULATOR,IEX,361425793267672,,
T3INTC,2019-Oct-01 14:05:34.214000,2019-Oct-01 14:05:34.214000,FILLED,FILL,SPY,SELL,LIMIT,DAY,296.460000,-100,0,-100,0,296.460000,0.784070,SIM-1001-101,dlariviere,FILL_SIMULATOR,IEX,361425793267673,,
T3INTC,2019-Oct-01 14:16:40.779000,2019-Oct-01 14:16:40.779000,FILLED,FILL,SPY,BUY,LIMIT,DAY,295.800000,100,0,100,0,295.800000,0.120000,SIM-1001-101,dlariviere,FILL_SIMULATOR,IEX,361425793267674,,
T3INTC,2019-Oct-01 14:18:08.593000,2019-Oct-01 14:18:08.593000,FILLED,FILL,SPY,SELL,LIMIT,DAY,295.960000,-100,0,-100,0,295.960000,0.782950,SIM-1001-101,dlariviere,FILL_SIMULATOR,IEX,361425793267675,,
T3INTC,2019-Oct-01 14:39:59.706000,2019-Oct-01 14:39:59.706000,FILLED,FILL,SPY,BUY,LIMIT,DAY,296.290000,100,0,100,0,296.290000,0.120000,SIM-1001-101,dlariviere,FILL_SIMULATOR,IEX,361425793267676,,
T3INTC,2019-Oct-01 14:40:48.512000,2019-Oct-01 14:40:48.512000,FILLED,FILL,SPY,SELL,LIMIT,DAY,296.160000,-100,0,-100,0,296.160000,0.783398,SIM-1001-101,dlariviere,FILL_SIMULATOR,IEX,361425793267677,,
T3INTC,2019-Oct-01 14:45:49.237000,2019-Oct-01 14:45:49.237000,REJECTED,REJECT,SPY,BUY,LIMIT,DAY,296.125000,10,0,0,10,0.000000,0.000000,SIM-1001-101,dlariviere,FILL_SIMULATOR,IEX,361425793267678,,limit price is not an increment of minimum tick size
T3INTC,2019-Oct-01 14:47:09.557000,2019-Oct-01 14:47:09.557000,REJECTED,REJECT,SPY,SELL,LIMIT,DAY,295.990000,0,0,0,0,0.000000,0.000000,SIM-1001-101,dlariviere,FILL_SIMULATOR,IEX,361425793267679,,quantity must be positive
T3INTC,2019-Oct-01 16:17:47.724000,2019-Oct-01 16:17:47.724000,FILLED,FILL,SPY,BUY,LIMIT,DAY,293.970000,100,0,100,0,293.970000,0.120000,SIM-1001-101,dlariviere,FILL_SIMULATOR,IEX,361425793267680,,
T3INTC,2019-Oct-01 16:24:47.404000,2019-Oct-01 16:24:47.404000,FILLED,FILL,SPY,SELL,LIMIT,DAY,294.010000,-100,0,-100,0,294.010000,0.778582,SIM-1001-101,dlariviere,FILL_SIMULATOR,IEX,361425793267681,,
T3INTC,2019-Oct-01 17:33:33.157000,2019-Oct-01 17:33:33.157000,FILLED,FILL,SPY,BUY,LIMIT,DAY,293.320000,100,0,100,0,293.320000,0.120000,SIM-1001-101,dlariviere,FILL_SIMULATOR,IEX,361425793267682,,
T3INTC,2019-Oct-01 18:05:42.478000,2019-Oct-01 18:05:42.478000,FILLED,FILL,SPY,SELL,LIMIT,DAY,293.290000,-100,0,-100,0,293.290000,0.776970,SIM-1001-101,dlariviere,FILL_SIMULATOR,IEX,361425793267683,,
T3INTC,2019-Oct-01 18:08:00.158000,2019-Oct-01 18:08:00.158000,REJECTED,REJECT,SPY,BUY,LIMIT,DAY,293.175000,103,0,0,103,0.000000,0.000000,SIM-1001-101,dlariviere,FILL_SIMULATOR,IEX,361425793267684,,limit price is not an increment of minimum tick size
T3INTC,2019-Oct-02 13:30:01.693000,2019-Oct-02 13:30:01.693000,REJECTED,REJECT,SPY,SELL,LIMIT,DAY,291.395000,0,0,0,0,0.000000,0.000000,SIM-1001-101,dlariviere,FILL_SIMULATOR,IEX,361425793267685,,quantity must be positive
T3INTC,2019-Oct-02 13:31:21.541000,2019-Oct-02 13:31:21.541000,FILLED,FILL,SPY,BUY,LIMIT,DAY,291.240000,100,0,100,0,291.240000,0.120000,SIM-1001-101,dlariviere,FILL_SIMULATOR,IEX,361425793267686,,
T3INTC,2019-Oct-02 13:34:31.967000,2019-Oct-02 13:34:31.967000,FILLED,FILL,SPY,SELL,LIMIT,DAY,290.860000,-100,0,-100,0,290.860000,0.771526,SIM-1001-101,dlariviere,FILL_SIMULATOR,IEX,361425793267687,,
T3INTC,2019-Oct-02 13:36:00.161000,2019-Oct-02 13:36:00.161000,REJECTED,REJECT,SPY,BUY,LIMIT,DAY,290.635000,21,0,0,21,0.000000,0.000000,SIM-1001-101,dlariviere,FILL_SIMULATOR,IEX,361425793267688,,limit price is not an increment of minimum tick size
T3INTC,2019-Oct-02 13:37:27.829000,2019-Oct-02 13:37:27.829000,REJECTED,REJECT,SPY,SELL,LIMIT,DAY,290.555000,0,0,0,0,0.000000,0.000000,SIM-1001-101,dlariviere,FILL_SIMULATOR,IEX,361425793267689,,quantity must be positive
T3INTC,2019-Oct-02 13:41:16.163000,2019-Oct-02 13:41:16.163000,REJECTED,REJECT,SPY,BUY,LIMIT,DAY,290.155000,100,0,0,100,0.000000,0.000000,SIM-1001-101,dlariviere,FILL_SIMULATOR,IEX,361425793267690,,limit price is not an increment of minimum tick size
T3INTC,2019-Oct-02 13:42:09.532000,2019-Oct-02 13:42:09.532000,REJECTED,REJECT,SPY,SELL,LIMIT,DAY,289.980000,0,0,0,0,0.000000,0.000000,SIM-1001-101,dlariviere,FILL_SIMULATOR,IEX,361425793267691,,quantity must be positive
T3INTC,2019-Oct-02 13:43:33.156000,2019-Oct-02 13:43:33.156000,FILLED,FILL,SPY,BUY,LIMIT,DAY,290.030000,100,0,100,0,290.030000,0.120000,SIM-1001-101,dlariviere,FILL_SIMULATOR,IEX,361425793267692,,
T3INTC,2019-Oct-02 13:50:17.981000,2019-Oct-02 13:50:17.981000,FILLED,FILL,SPY,SELL,LIMIT,DAY,289.810000,-100,0,-100,0,289.810000,0.769174,SIM-1001-101,dlariviere,FILL_SIMULATOR,IEX,361425793267693,,
T3INTC,2019-Oct-02 14:05:14.232000,2019-Oct-02 14:05:14.232000,FILLED,FILL,SPY,BUY,LIMIT,DAY,289.540000,100,0,100,0,289.540000,0.120000,SIM-1001-101,dlariviere,FILL_SIMULATOR,IEX,361425793267694,,
T3INTC,2019-Oct-02 14:08:50.991000,2019-Oct-02 14:08:50.991000,FILLED,FILL,SPY,SELL,LIMIT,DAY,289.780000,-100,0,-100,0,289.780000,0.769107,SIM-1001-101,dlariviere,FILL_SIMULATOR,IEX,361425793267695,,
T3INTC,2019-Oct-02 14:21:31.300000,2019-Oct-02 14:21:31.300000,REJECTED,REJECT,SPY,BUY,LIMIT,DAY,289.955000,100,0,0,100,0.000000,0.000000,SIM-1001-101,dlariviere,FILL_SIMULATOR,IEX,361425793267696,,limit price is not an increment of minimum tick size
T3INTC,2019-Oct-02 14:33:24.926000,2019-Oct-02 14:33:24.926000,REJECTED,REJECT,SPY,SELL,LIMIT,DAY,288.570000,0,0,0,0,0.000000,0.000000,SIM-1001-101,dlariviere,FILL_SIMULATOR,IEX,361425793267697,,quantity must be positive
T3INTC,2019-Oct-02 14:38:19.754000,2019-Oct-02 14:38:19.754000,FILLED,FILL,SPY,BUY,LIMIT,DAY,288.610000,100,0,100,0,288.610000,0.120000,SIM-1001-101,dlariviere,FILL_SIMULATOR,IEX,361425793267698,,
T3INTC,2019-Oct-02 14:47:47.487000,2019-Oct-02 14:47:47.487000,REJECTED,REJECT,SPY,SELL,LIMIT,DAY,288.225000,-100,0,0,-100,0.000000,0.000000,SIM-1001-101,dlariviere,FILL_SIMULATOR,IEX,361425793267699,,limit price is not an increment of minimum tick size
T3INTC,2019-Oct-02 15:00:40.700000,2019-Oct-02 15:00:40.700000,FILLED,FILL,SPY,BUY,LIMIT,DAY,288.590000,100,0,100,0,288.590000,0.120000,SIM-1001-101,dlariviere,FILL_SIMULATOR,IEX,361425793267700,,
T3INTC,2019-Oct-02 15:20:53.244000,2019-Oct-02 15:20:53.244000,FILLED,FILL,SPY,SELL,LIMIT,DAY,288.470000,-200,0,-200,0,288.470000,1.532346,SIM-1001-101,dlariviere,FILL_SIMULATOR,IEX,361425793267701,,
T3INTC,2019-Oct-02 15:23:31.775000,2019-Oct-02 15:23:31.775000,FILLED,FILL,SPY,BUY,LIMIT,DAY,288.570000,100,0,100,0,288.570000,0.120000,SIM-1001-101,dlariviere,FILL_SIMULATOR,IEX,361425793267702,,
T3INTC,2019-Oct-02 15:31:01.291000,2019-Oct-02 15:31:01.291000,FILLED,FILL,SPY,SELL,LIMIT,DAY,287.900000,-100,0,-100,0,287.900000,0.764896,SIM-1001-101,dlariviere,FILL_SIMULATOR,IEX,361425793267703,,
T3INTC,2019-Oct-02 15:50:13.655000,2019-Oct-02 15:50:13.655000,REJECTED,REJECT,SPY,BUY,LIMIT,DAY,287.955000,43,0,0,43,0.000000,0.000000,SIM-1001-101,dlariviere,FILL_SIMULATOR,IEX,361425793267704,,limit price is not an increment of minimum tick size
T3INTC,2019-Oct-02 16:17:25.174000,2019-Oct-02 16:17:25.174000,REJECTED,REJECT,SPY,SELL,LIMIT,DAY,287.420000,0,0,0,0,0.000000,0.000000,SIM-1001-101,dlariviere,FILL_SIMULATOR,IEX,361425793267705,,quantity must be positive
T3INTC,2019-Oct-02 16:45:08.769000,2019-Oct-02 16:45:08.769000,REJECTED,REJECT,SPY,BUY,LIMIT,DAY,287.165000,14,0,0,14,0.000000,0.000000,SIM-1001-101,dlariviere,FILL_SIMULATOR,IEX,361425793267706,,limit price is not an increment of minimum tick size
T3INTC,2019-Oct-02 16:46:00.230000,2019-Oct-02 16:46:00.230000,REJECTED,REJECT,SPY,SELL,LIMIT,DAY,287.090000,0,0,0,0,0.000000,0.000000,SIM-1001-101,dlariviere,FILL_SIMULATOR,IEX,361425793267707,,quantity must be positive
T3INTC,2019-Oct-02 17:05:05.945000,2019-Oct-02 17:05:05.945000,REJECTED,REJECT,SPY,BUY,LIMIT,DAY,287.305000,100,0,0,100,0.000000,0.000000,SIM-1001-101,dlariviere,FILL_SIMULATOR,IEX,361425793267708,,limit price is not an increment of minimum tick size
T3INTC,2019-Oct-02 17:11:06.111000,2019-Oct-02 17:11:06.111000,REJECTED,REJECT,SPY,SELL,LIMIT,DAY,287.510000,0,0,0,0,0.000000,0.000000,SIM-1001-101,dlariviere,FILL_SIMULATOR,IEX,361425793267709,,quantity must be positive
T3INTC,2019-Oct-02 17:12:18.675000,2019-Oct-02 17:12:18.675000,FILLED,FILL,SPY,BUY,LIMIT,DAY,287.760000,100,0,100,0,287.760000,0.120000,SIM-1001-101,dlariviere,FILL_SIMULATOR,IEX,361425793267710,,
T3INTC,2019-Oct-02 19:24:20.600000,2019-Oct-02 19:24:20.600000,FILLED,FILL,SPY,SELL,LIMIT,DAY,288.690000,-100,0,-100,0,288.690000,0.766666,SIM-1001-101,dlariviere,FILL_SIMULATOR,IEX,361425793267711,,
T3INTC,2019-Oct-02 19:57:56.521000,2019-Oct-02 19:57:56.521000,FILLED,FILL,SPY,BUY,LIMIT,DAY,288.010000,100,0,100,0,288.010000,0.120000,SIM-1001-101,dlariviere,FILL_SIMULATOR,IEX,361425793267712,,
T3INTC,2019-Oct-03 13:30:45.636000,2019-Oct-03 13:30:45.636000,FILLED,FILL,SPY,SELL,LIMIT,DAY,287.620000,-100,0,-100,0,287.620000,0.764269,SIM-1001-101,dlariviere,FILL_SIMULATOR,IEX,361425793267713,,
T3INTC,2019-Oct-03 13:32:09.132000,2019-Oct-03 13:32:09.132000,FILLED,FILL,SPY,BUY,LIMIT,DAY,287.860000,80,0,80,0,287.860000,0.096000,SIM-1001-101,dlariviere,FILL_SIMULATOR,IEX,361425793267714,,
T3INTC,2019-Oct-03 13:34:40.636000,2019-Oct-03 13:34:40.636000,FILLED,FILL,SPY,SELL,LIMIT,DAY,288.190000,-80,0,-80,0,288.190000,0.612436,SIM-1001-101,dlariviere,FILL_SIMULATOR,IEX,361425793267715,,
T3INTC,2019-Oct-03 13:44:49.677000,2019-Oct-03 13:44:49.677000,FILLED,FILL,SPY,BUY,LIMIT,DAY,287.990000,100,0,100,0,287.990000,0.120000,SIM-1001-101,dlariviere,FILL_SIMULATOR,IEX,361425793267716,,
T3INTC,2019-Oct-03 13:51:11.690000,2019-Oct-03 13:51:11.690000,FILLED,FILL,SPY,SELL,LIMIT,DAY,288.190000,-100,0,-100,0,288.190000,0.765546,SIM-1001-101,dlariviere,FILL_SIMULATOR,IEX,361425793267717,,
T3INTC,2019-Oct-03 14:00:15.975000,2019-Oct-03 14:00:15.975000,FILLED,FILL,SPY,BUY,LIMIT,DAY,286.790000,500,0,500,0,286.790000,0.600000,SIM-1001-101,dlariviere,FILL_SIMULATOR,IEX,361425793267718,,
T3INTC,2019-Oct-03 14:00:20.591000,2019-Oct-03 14:00:20.591000,FILLED,FILL,SPY,SELL,LIMIT,DAY,286.570000,-500,0,-500,0,286.570000,3.809584,SIM-1001-101,dlariviere,FILL_SIMULATOR,IEX,361425793267719,,
T3INTC,2019-Oct-03 14:00:56.920000,2019-Oct-03 14:00:56.920000,FILLED,FILL,SPY,BUY,LIMIT,DAY,286.280000,100,0,100,0,286.280000,0.120000,SIM-1001-101,dlariviere,FILL_SIMULATOR,IEX,361425793267720,,
T3INTC,2019-Oct-03 14:01:30.256000,2019-Oct-03 14:01:30.256000,FILLED,FILL,SPY,SELL,LIMIT,DAY,286.200000,-100,0,-100,0,286.200000,0.761088,SIM-1001-101,dlariviere,FILL_SIMULATOR,IEX,361425793267721,,
T3INTC,2019-Oct-03 14:04:32.394000,2019-Oct-03 14:04:32.394000,FILLED,FILL,SPY,BUY,LIMIT,DAY,285.700000,100,0,100,0,285.700000,0.120000,SIM-1001-101,dlariviere,FILL_SIMULATOR,IEX,361425793267722,,
T3INTC,2019-Oct-03 14:05:32.537000,2019-Oct-03 14:05:32.537000,FILLED,FILL,SPY,SELL,LIMIT,DAY,285.500000,-100,0,-100,0,285.500000,0.759520,SIM-1001-101,dlariviere,FILL_SIMULATOR,IEX,361425793267723,,
T3INTC,2019-Oct-03 14:08:41.363000,2019-Oct-03 14:08:41.363000,FILLED,FILL,SPY,BUY,LIMIT,DAY,284.890000,200,0,200,0,284.890000,0.240000,SIM-1001-101,dlariviere,FILL_SIMULATOR,IEX,361425793267724,,
T3INTC,2019-Oct-03 14:13:00.430000,2019-Oct-03 14:13:00.430000,FILLED,FILL,SPY,SELL,LIMIT,DAY,284.950000,-200,0,-200,0,284.950000,1.516576,SIM-1001-101,dlariviere,FILL_SIMULATOR,IEX,361425793267725,,
T3INTC,2019-Oct-03 14:15:08.730000,2019-Oct-03 14:15:08.730000,FILLED,FILL,SPY,BUY,LIMIT,DAY,285.530000,100,0,100,0,285.530000,0.120000,SIM-1001-101,dlariviere,FILL_SIMULATOR,IEX,361425793267726,,
T3INTC,2019-Oct-03 14:15:55.674000,2019-Oct-03 14:15:55.674000,FILLED,FILL,SPY,SELL,LIMIT,DAY,285.490000,-100,0,-100,0,285.490000,0.759498,SIM-1001-101,dlariviere,FILL_SIMULATOR,IEX,361425793267727,,
T3INTC,2019-Oct-03 14:17:48.203000,2019-Oct-03 14:17:48.203000,FILLED,FILL,SPY,BUY,LIMIT,DAY,285.500000,200,0,200,0,285.500000,0.240000,SIM-1001-101,dlariviere,FILL_SIMULATOR,IEX,361425793267728,,
T3INTC,2019-Oct-03 14:28:01.501000,2019-Oct-03 14:28:01.501000,FILLED,FILL,SPY,SELL,LIMIT,DAY,287.270000,-200,0,-200,0,287.270000,1.526970,SIM-1001-101,dlariviere,FILL_SIMULATOR,IEX,361425793267729,,
T3INTC,2019-Oct-03 14:31:21.982000,2019-Oct-03 14:31:21.982000,FILLED,FILL,SPY,BUY,LIMIT,DAY,287.150000,100,0,100,0,287.150000,0.120000,SIM-1001-101,dlariviere,FILL_SIMULATOR,IEX,361425793267730,,
T3INTC,2019-Oct-03 14:37:34.485000,2019-Oct-03 14:37:34.485000,FILLED,FILL,SPY,SELL,LIMIT,DAY,287.350000,-100,0,-100,0,287.350000,0.763664,SIM-1001-101,dlariviere,FILL_SIMULATOR,IEX,361425793267731,,
T3INTC,2019-Oct-03 14:46:09.139000,2019-Oct-03 14:46:09.139000,FILLED,FILL,SPY,BUY,LIMIT,DAY,287.360000,1,0,1,0,287.360000,0.001200,SIM-1001-101,dlariviere,FILL_SIMULATOR,IEX,361425793267732,,
T3INTC,2019-Oct-03 14:47:05.569000,2019-Oct-03 14:47:05.569000,FILLED,FILL,SPY,SELL,LIMIT,DAY,287.050000,-1,0,-1,0,287.050000,0.007630,SIM-1001-101,dlariviere,FILL_SIMULATOR,IEX,361425793267733,,
T3INTC,2019-Oct-03 14:49:20.121000,2019-Oct-03 14:49:20.121000,REJECTED,REJECT,SPY,BUY,LIMIT,DAY,286.915000,1,0,0,1,0.000000,0.000000,SIM-1001-101,dlariviere,FILL_SIMULATOR,IEX,361425793267734,,limit price is not an increment of minimum tick size
T3INTC,2019-Oct-03 15:03:54.397000,2019-Oct-03 15:03:54.397000,REJECTED,REJECT,SPY,SELL,LIMIT,DAY,288.100000,0,0,0,0,0.000000,0.000000,SIM-1001-101,dlariviere,FILL_SIMULATOR,IEX,361425793267735,,quantity must be positive
T3INTC,2019-Oct-03 15:11:24.659000,2019-Oct-03 15:11:24.659000,FILLED,FILL,SPY,BUY,LIMIT,DAY,288.950000,300,0,300,0,288.950000,0.360000,SIM-1001-101,dlariviere,FILL_SIMULATOR,IEX,361425793267736,,
T3INTC,2019-Oct-03 19:18:08.812000,2019-Oct-03 19:18:08.812000,FILLED,FILL,SPY,SELL,LIMIT,DAY,289.430000,-300,0,-300,0,289.430000,2.304970,SIM-1001-101,dlariviere,FILL_SIMULATOR,IEX,361425793267737,,
T3INTC,2019-Oct-03 19:55:31.335000,2019-Oct-03 19:55:31.335000,FILLED,FILL,SPY,BUY,LIMIT,DAY,289.950000,100,0,100,0,289.950000,0.120000,SIM-1001-101,dlariviere,FILL_SIMULATOR,IEX,361425793267738,,
T3INTC,2019-Oct-04 13:32:16.689000,2019-Oct-04 13:32:16.689000,FILLED,FILL,SPY,SELL,LIMIT,DAY,291.870000,-100,0,-100,0,291.870000,0.773789,SIM-1001-101,dlariviere,FILL_SIMULATOR,IEX,361425793267739,,
T3INTC,2019-Oct-04 13:33:56.652000,2019-Oct-04 13:33:56.652000,REJECTED,REJECT,SPY,BUY,LIMIT,DAY,291.635000,100,0,0,100,0.000000,0.000000,SIM-1001-101,dlariviere,FILL_SIMULATOR,IEX,361425793267740,,limit price is not an increment of minimum tick size
T3INTC,2019-Oct-04 13:35:06.283000,2019-Oct-04 13:35:06.283000,REJECTED,REJECT,SPY,SELL,LIMIT,DAY,291.720000,0,0,0,0,0.000000,0.000000,SIM-1001-101,dlariviere,FILL_SIMULATOR,IEX,361425793267741,,quantity must be positive
T3INTC,2019-Oct-04 13:36:34.517000,2019-Oct-04 13:36:34.517000,FILLED,FILL,SPY,BUY,LIMIT,DAY,292.090000,100,0,100,0,292.090000,0.120000,SIM-1001-101,dlariviere,FILL_SIMULATOR,IEX,361425793267742,,
T3INTC,2019-Oct-04 13:37:16.144000,2019-Oct-04 13:37:16.144000,FILLED,FILL,SPY,SELL,LIMIT,DAY,292.040000,-100,0,-100,0,292.040000,0.774170,SIM-1001-101,dlariviere,FILL_SIMULATOR,IEX,361425793267743,,
T3INTC,2019-Oct-04 13:38:21.543000,2019-Oct-04 13:38:21.543000,FILLED,FILL,SPY,BUY,LIMIT,DAY,291.830000,100,0,100,0,291.830000,0.120000,SIM-1001-101,dlariviere,FILL_SIMULATOR,IEX,361425793267744,,
T3INTC,2019-Oct-04 13:39:07.960000,2019-Oct-04 13:39:07.960000,FILLED,FILL,SPY,SELL,LIMIT,DAY,291.870000,-100,0,-100,0,291.870000,0.773789,SIM-1001-101,dlariviere,FILL_SIMULATOR,IEX,361425793267745,,
T3INTC,2019-Oct-04 13:43:36.907000,2019-Oct-04 13:43:36.907000,FILLED,FILL,SPY,BUY,LIMIT,DAY,291.850000,100,0,100,0,291.850000,0.120000,SIM-1001-101,dlariviere,FILL_SIMULATOR,IEX,361425793267746,,
T3INTC,2019-Oct-04 13:44:06.637000,2019-Oct-04 13:44:06.637000,FILLED,FILL,SPY,SELL,LIMIT,DAY,291.930000,-100,0,-100,0,291.930000,0.773923,SIM-1001-101,dlariviere,FILL_SIMULATOR,IEX,361425793267747,,
T3INTC,2019-Oct-04 14:15:30.374000,2019-Oct-04 14:15:30.374000,FILLED,FILL,SPY,BUY,LIMIT,DAY,292.270000,100,0,100,0,292.270000,0.120000,SIM-1001-101,dlariviere,FILL_SIMULATOR,IEX,361425793267748,,
T3INTC,2019-Oct-04 14:19:08.556000,2019-Oct-04 14:19:08.556000,REJECTED,REJECT,SPY,SELL,LIMIT,DAY,292.165000,-100,0,0,-100,0.000000,0.000000,SIM-1001-101,dlariviere,FILL_SIMULATOR,IEX,361425793267749,,limit price is not an increment of minimum tick size
T3INTC,2019-Oct-04 14:20:35.226000,2019-Oct-04 14:20:35.226000,FILLED,FILL,SPY,BUY,LIMIT,DAY,292.330000,100,0,100,0,292.330000,0.120000,SIM-1001-101,dlariviere,FILL_SIMULATOR,IEX,361425793267750,,
T3INTC,2019-Oct-07 13:30:00.431000,2019-Oct-07 13:30:00.431000,FILLED,FILL,SPY,SELL,LIMIT,DAY,293.480000,-200,0,-200,0,293.480000,1.554790,SIM-1001-101,dlariviere,FILL_SIMULATOR,IEX,361425793267751,,
T3INTC,2019-Oct-07 13:30:50.141000,2019-Oct-07 13:30:50.141000,FILLED,FILL,SPY,BUY,LIMIT,DAY,293.570000,500,0,500,0,293.570000,0.600000,SIM-1001-101,dlariviere,FILL_SIMULATOR,IEX,361425793267752,,
T3INTC,2019-Oct-07 13:35:06.921000,2019-Oct-07 13:35:06.921000,FILLED,FILL,SPY,SELL,LIMIT,DAY,293.430000,-500,0,-500,0,293.430000,3.886416,SIM-1001-101,dlariviere,FILL_SIMULATOR,IEX,361425793267753,,
T3INTC,2019-Oct-07 13:35:56.399000,2019-Oct-07 13:35:56.399000,FILLED,FILL,SPY,BUY,LIMIT,DAY,293.280000,100,0,100,0,293.280000,0.120000,SIM-1001-101,dlariviere,FILL_SIMULATOR,IEX,361425793267754,,
T3INTC,2019-Oct-07 13:38:48.955000,2019-Oct-07 13:38:48.955000,FILLED,FILL,SPY,SELL,LIMIT,DAY,293.100000,-100,0,-100,0,293.100000,0.776544,SIM-1001-101,dlariviere,FILL_SIMULATOR,IEX,361425793267755,,
T3INTC,2019-Oct-07 13:42:29.262000,2019-Oct-07 13:42:29.262000,FILLED,FILL,SPY,BUY,LIMIT,DAY,293.090000,100,0,100,0,293.090000,0.120000,SIM-1001-101,dlariviere,FILL_SIMULATOR,IEX,361425793267756,,
T3INTC,2019-Oct-07 13:43:30.297000,2019-Oct-07 13:43:30.297000,REJECTED,REJECT,SPY,SELL,LIMIT,DAY,293.035000,-100,0,0,-100,0.000000,0.000000,SIM-1001-101,dlariviere,FILL_SIMULATOR,IEX,361425793267757,,limit price is not an increment of minimum tick size
T3INTC,2019-Oct-07 13:52:07.727000,2019-Oct-07 13:52:07.727000,FILLED,FILL,SPY,BUY,LIMIT,DAY,293.290000,17,0,17,0,293.290000,0.020400,SIM-1001-101,dlariviere,FILL_SIMULATOR,IEX,361425793267758,,
T3INTC,2019-Oct-07 13:58:38.708000,2019-Oct-07 13:58:38.708000,FILLED,FILL,SPY,SELL,LIMIT,DAY,293.200000,-117,0,-117,0,293.200000,0.908819,SIM-1001-101,dlariviere,FILL_SIMULATOR,IEX,361425793267759,,
T3INTC,2019-Oct-07 14:27:04.790000,2019-Oct-07 14:27:04.790000,FILLED,FILL,SPY,BUY,LIMIT,DAY,293.760000,100,0,100,0,293.760000,0.120000,SIM-1001-101,dlariviere,FILL_SIMULATOR,IEX,361425793267760,,
T3INTC,2019-Oct-07 14:39:43.556000,2019-Oct-07 14:39:43.556000,REJECTED,REJECT,SPY,SELL,LIMIT,DAY,293.525000,-100,0,0,-100,0.000000,0.000000,SIM-1001-101,dlariviere,FILL_SIMULATOR,IEX,361425793267761,,limit price is not an increment of minimum tick size
T3INTC,2019-Oct-08 13:30:14.461000,2019-Oct-08 13:30:14.461000,REJECTED,REJECT,SPY,BUY,LIMIT,DAY,290.995000,100,0,0,100,0.000000,0.000000,SIM-1001-101,dlariviere,FILL_SIMULATOR,IEX,361425793267762,,limit price is not an increment of minimum tick size
T3INTC,2019-Oct-08 13:30:14.918000,2019-Oct-08 13:30:14.918000,REJECTED,REJECT,SPY,SELL,LIMIT,DAY,290.995000,-100,0,0,-100,0.000000,0.000000,SIM-1001-101,dlariviere,FILL_SIMULATOR,IEX,361425793267763,,limit price is not an increment of minimum tick size
T3INTC,2019-Oct-08 13:31:02.379000,2019-Oct-08 13:31:02.379000,FILLED,FILL,SPY,BUY,LIMIT,DAY,290.740000,100,0,100,0,290.740000,0.120000,SIM-1001-101,dlariviere,FILL_SIMULATOR,IEX,361425793267764,,
T3INTC,2019-Oct-08 13:35:23.519000,2019-Oct-08 13:35:23.519000,FILLED,FILL,SPY,SELL,LIMIT,DAY,290.510000,-200,0,-200,0,290.510000,1.541485,SIM-1001-101,dlariviere,FILL_SIMULATOR,IEX,361425793267765,,
T3INTC,2019-Oct-08 14:38:07.818000,2019-Oct-08 14:38:07.818000,FILLED,FILL,SPY,BUY,LIMIT,DAY,289.440000,10,0,10,0,289.440000,0.012000,SIM-1001-101,dlariviere,FILL_SIMULATOR,IEX,361425793267766,,
T3INTC,2019-Oct-08 18:04:33.277000,2019-Oct-08 18:04:33.277000,FILLED,FILL,SPY,SELL,LIMIT,DAY,290.240000,-10,0,-10,0,290.240000,0.077014,SIM-1001-101,dlariviere,FILL_SIMULATOR,IEX,361425793267767,,
T3INTC,2019-Oct-08 18:30:04.593000,2019-Oct-08 18:30:04.593000,FILLED,FILL,SPY,BUY,LIMIT,DAY,290.860000,100,0,100,0,290.860000,0.120000,SIM-1001-101,dlariviere,FILL_SIMULATOR,IEX,361425793267768,,
T3INTC,2019-Oct-08 18:44:34.897000,2019-Oct-08 18:44:34.897000,FILLED,FILL,SPY,SELL,LIMIT,DAY,291.270000,-100,0,-100,0,291.270000,0.772445,SIM-1001-101,dlariviere,FILL_SIMULATOR,IEX,361425793267769,,
T3INTC,2019-Oct-08 18:48:00.761000,2019-Oct-08 18:48:00.761000,FILLED,FILL,SPY,BUY,LIMIT,DAY,291.580000,1,0,1,0,291.580000,0.001200,SIM-1001-101,dlariviere,FILL_SIMULATOR,IEX,361425793267770,,
T3INTC,2019-Oct-08 18:57:31.991000,2019-Oct-08 18:57:31.991000,FILLED,FILL,SPY,SELL,LIMIT,DAY,290.730000,-1,0,-1,0,290.730000,0.007712,SIM-1001-101,dlariviere,FILL_SIMULATOR,IEX,361425793267771,,
T3INTC,2019-Oct-08 18:57:38.857000,2019-Oct-08 18:57:38.857000,FILLED,FILL,SPY,BUY,LIMIT,DAY,289.920000,500,0,500,0,289.920000,0.600000,SIM-1001-101,dlariviere,FILL_SIMULATOR,IEX,361425793267772,,
T3INTC,2019-Oct-08 18:57:39.933000,2019-Oct-08 18:57:39.933000,FILLED,FILL,SPY,SELL,LIMIT,DAY,289.810000,-500,0,-500,0,289.810000,3.845872,SIM-1001-101,dlariviere,FILL_SIMULATOR,IEX,361425793267773,,
T3INTC,2019-Oct-08 18:57:45.561000,2019-Oct-08 18:57:45.561000,FILLED,FILL,SPY,BUY,LIMIT,DAY,290.020000,100,0,100,0,290.020000,0.120000,SIM-1001-101,dlariviere,FILL_SIMULATOR,IEX,361425793267774,,
T3INTC,2019-Oct-08 18:57:46.381000,2019-Oct-08 18:57:46.381000,FILLED,FILL,SPY,SELL,LIMIT,DAY,290.060000,-100,0,-100,0,290.060000,0.769734,SIM-1001-101,dlariviere,FILL_SIMULATOR,IEX,361425793267775,,
T3INTC,2019-Oct-08 18:57:53.919000,2019-Oct-08 18:57:53.919000,FILLED,FILL,SPY,BUY,LIMIT,DAY,290.040000,100,0,100,0,290.040000,0.120000,SIM-1001-101,dlariviere,FILL_SIMULATOR,IEX,361425793267776,,
T3INTC,2019-Oct-08 18:57:56.860000,2019-Oct-08 18:57:56.860000,FILLED,FILL,SPY,SELL,LIMIT,DAY,289.940000,-100,0,-100,0,289.940000,0.769466,SIM-1001-101,dlariviere,FILL_SIMULATOR,IEX,361425793267777,,
T3INTC,2019-Oct-08 18:58:37.929000,2019-Oct-08 18:58:37.929000,FILLED,FILL,SPY,BUY,LIMIT,DAY,290.380000,100,0,100,0,290.380000,0.120000,SIM-1001-101,dlariviere,FILL_SIMULATOR,IEX,361425793267778,,
T3INTC,2019-Oct-08 18:59:01.617000,2019-Oct-08 18:59:01.617000,FILLED,FILL,SPY,SELL,LIMIT,DAY,290.410000,-100,0,-100,0,290.410000,0.770518,SIM-1001-101,dlariviere,FILL_SIMULATOR,IEX,361425793267779,,
T3INTC,2019-Oct-08 18:59:19.950000,2019-Oct-08 18:59:19.950000,FILLED,FILL,SPY,BUY,LIMIT,DAY,290.460000,100,0,100,0,290.460000,0.120000,SIM-1001-101,dlariviere,FILL_SIMULATOR,IEX,361425793267780,,
T3INTC,2019-Oct-08 19:01:50.568000,2019-Oct-08 19:01:50.568000,FILLED,FILL,SPY,SELL,LIMIT,DAY,290.660000,-100,0,-100,0,290.660000,0.771078,SIM-1001-101,dlariviere,FILL_SIMULATOR,IEX,361425793267781,,
T3INTC,2019-Oct-08 19:19:48.880000,2019-Oct-08 19:19:48.880000,FILLED,FILL,SPY,BUY,LIMIT,DAY,290.320000,1,0,1,0,290.320000,0.001200,SIM-1001-101,dlariviere,FILL_SIMULATOR,IEX,361425793267782,,
T3INTC,2019-Oct-08 19:38:25.135000,2019-Oct-08 19:38:25.135000,FILLED,FILL,SPY,SELL,LIMIT,DAY,289.830000,-1,0,-1,0,289.830000,0.007692,SIM-1001-101,dlariviere,FILL_SIMULATOR,IEX,361425793267783,,
T3INTC,2019-Oct-08 19:43:40.106000,2019-Oct-08 19:43:40.106000,FILLED,FILL,SPY,BUY,LIMIT,DAY,289.410000,12,0,12,0,289.410000,0.014400,SIM-1001-101,dlariviere,FILL_SIMULATOR,IEX,361425793267784,,
T3INTC,2019-Oct-08 19:59:58.652000,2019-Oct-08 19:59:58.652000,FILLED,FILL,SPY,SELL,LIMIT,DAY,288.530000,-12,0,-12,0,288.530000,0.091957,SIM-1001-101,dlariviere,FILL_SIMULATOR,IEX,361425793267785,,
T3INTC,2019-Oct-09 13:30:01.413000,2019-Oct-09 13:30:01.413000,FILLED,FILL,SPY,BUY,LIMIT,DAY,290.810000,500,0,500,0,290.810000,0.600000,SIM-1001-101,dlariviere,FILL_SIMULATOR,IEX,361425793267786,,
T3INTC,2019-Oct-09 13:30:58.379000,2019-Oct-09 13:30:58.379000,FILLED,FILL,SPY,SELL,LIMIT,DAY,290.880000,-500,0,-500,0,290.880000,3.857856,SIM-1001-101,dlariviere,FILL_SIMULATOR,IEX,361425793267787,,
T3INTC,2019-Oct-09 13:31:46.883000,2019-Oct-09 13:31:46.883000,REJECTED,REJECT,SPY,BUY,LIMIT,DAY,290.885000,100,0,0,100,0.000000,0.000000,SIM-1001-101,dlariviere,FILL_SIMULATOR,IEX,361425793267788,,limit price is not an increment of minimum tick size
T3INTC,2019-Oct-09 13:33:31.271000,2019-Oct-09 13:33:31.271000,REJECTED,REJECT,SPY,SELL,LIMIT,DAY,290.810000,0,0,0,0,0.000000,0.000000,SIM-1001-101,dlariviere,FILL_SIMULATOR,IEX,361425793267789,,quantity must be positive
T3INTC,2019-Oct-09 13:41:01.199000,2019-Oct-09 13:41:01.199000,FILLED,FILL,SPY,BUY,LIMIT,DAY,291.040000,194,0,194,0,291.040000,0.232800,SIM-1001-101,dlariviere,FILL_SIMULATOR,IEX,361425793267790,,
T3INTC,2019-Oct-09 13:41:38.644000,2019-Oct-09 13:41:38.644000,FILLED,FILL,SPY,SELL,LIMIT,DAY,291.110000,-194,0,-194,0,291.110000,1.497848,SIM-1001-101,dlariviere,FILL_SIMULATOR,IEX,361425793267791,,
T3INTC,2019-Oct-09 13:42:24.830000,2019-Oct-09 13:42:24.830000,FILLED,FILL,SPY,BUY,LIMIT,DAY,291.180000,100,0,100,0,291.180000,0.120000,SIM-1001-101,dlariviere,FILL_SIMULATOR,IEX,361425793267792,,
T3INTC,2019-Oct-09 13:49:23.128000,2019-Oct-09 13:49:23.128000,FILLED,FILL,SPY,SELL,LIMIT,DAY,290.890000,-100,0,-100,0,290.890000,0.771594,SIM-1001-101,dlariviere,FILL_SIMULATOR,IEX,361425793267793,,
T3INTC,2019-Oct-09 13:53:49.403000,2019-Oct-09 13:53:49.403000,FILLED,FILL,SPY,BUY,LIMIT,DAY,290.290000,300,0,300,0,290.290000,0.360000,SIM-1001-101,dlariviere,FILL_SIMULATOR,IEX,361425793267794,,
T3INTC,2019-Oct-09 14:01:36.635000,2019-Oct-09 14:01:36.635000,FILLED,FILL,SPY,SELL,LIMIT,DAY,290.560000,-300,0,-300,0,290.560000,2.312563,SIM-1001-101,dlariviere,FILL_SIMULATOR,IEX,361425793267795,,
T3INTC,2019-Oct-09 15:00:28.265000,2019-Oct-09 15:00:28.265000,REJECTED,REJECT,SPY,BUY,LIMIT,DAY,290.905000,200,0,0,200,0.000000,0.000000,SIM-1001-101,dlariviere,FILL_SIMULATOR,IEX,361425793267796,,limit price is not an increment of minimum tick size
T3INTC,2019-Oct-09 15:01:23.770000,2019-Oct-09 15:01:23.770000,REJECTED,REJECT,SPY,SELL,LIMIT,DAY,290.640000,0,0,0,0,0.000000,0.000000,SIM-1001-101,dlariviere,FILL_SIMULATOR,IEX,361425793267797,,quantity must be positive
T3INTC,2019-Oct-10 13:30:02.218000,2019-Oct-10 13:30:02.218000,FILLED,FILL,SPY,BUY,LIMIT,DAY,291.170000,100,0,100,0,291.170000,0.120000,SIM-1001-101,dlariviere,FILL_SIMULATOR,IEX,361425793267798,,
T3INTC,2019-Oct-10 13:31:59.661000,2019-Oct-10 13:31:59.661000,FILLED,FILL,SPY,SELL,LIMIT,DAY,291.210000,-100,0,-100,0,291.210000,0.772310,SIM-1001-101,dlariviere,FILL_SIMULATOR,IEX,361425793267799,,
T3INTC,2019-Oct-10 13:35:32.930000,2019-Oct-10 13:35:32.930000,FILLED,FILL,SPY,BUY,LIMIT,DAY,291.560000,100,0,100,0,291.560000,0.120000,SIM-1001-101,dlariviere,FILL_SIMULATOR,IEX,361425793267800,,
T3INTC,2019-Oct-10 13:41:31.406000,2019-Oct-10 13:41:31.406000,FILLED,FILL,SPY,SELL,LIMIT,DAY,291.490000,-100,0,-100,0,291.490000,0.772938,SIM-1001-101,dlariviere,FILL_SIMULATOR,IEX,361425793267801,,
T3INTC,2019-Oct-10 13:42:41.182000,2019-Oct-10 13:42:41.182000,FILLED,FILL,SPY,BUY,LIMIT,DAY,291.500000,34,0,34,0,291.500000,0.040800,SIM-1001-101,dlariviere,FILL_SIMULATOR,IEX,361425793267802,,
T3INTC,2019-Oct-10 13:46:09.185000,2019-Oct-10 13:46:09.185000,FILLED,FILL,SPY,SELL,LIMIT,DAY,291.620000,-34,0,-34,0,291.620000,0.262898,SIM-1001-101,dlariviere,FILL_SIMULATOR,IEX,361425793267803,,
T3INTC,2019-Oct-10 13:48:07.796000,2019-Oct-10 13:48:07.796000,REJECTED,REJECT,SPY,BUY,LIMIT,DAY,291.635000,1,0,0,1,0.000000,0.000000,SIM-1001-101,dlariviere,FILL_SIMULATOR,IEX,361425793267804,,limit price is not an increment of minimum tick size
T3INTC,2019-Oct-10 13:51:49.126000,2019-Oct-10 13:51:49.126000,REJECTED,REJECT,SPY,SELL,LIMIT,DAY,292.440000,0,0,0,0,0.000000,0.000000,SIM-1001-101,dlariviere,FILL_SIMULATOR,IEX,361425793267805,,quantity must be positive
T3INTC,2019-Oct-10 13:52:04.760000,2019-Oct-10 13:52:04.760000,FILLED,FILL,SPY,BUY,LIMIT,DAY,292.450000,100,0,100,0,292.450000,0.120000,SIM-1001-101,dlariviere,FILL_SIMULATOR,IEX,361425793267806,,
T3INTC,2019-Oct-10 14:01:15.265000,2019-Oct-10 14:01:15.265000,FILLED,FILL,SPY,SELL,LIMIT,DAY,292.980000,-100,0,-100,0,292.980000,0.776275,SIM-1001-101,dlariviere,FILL_SIMULATOR,IEX,361425793267807,,
T3INTC,2019-Oct-10 14:23:31.715000,2019-Oct-10 14:23:31.715000,REJECTED,REJECT,SPY,BUY,LIMIT,DAY,293.045000,1,0,0,1,0.000000,0.000000,SIM-1001-101,dlariviere,FILL_SIMULATOR,IEX,361425793267808,,limit price is not an increment of minimum tick size
T3INTC,2019-Oct-10 14:28:24.673000,2019-Oct-10 14:28:24.673000,REJECTED,REJECT,SPY,SELL,LIMIT,DAY,292.970000,0,0,0,0,0.000000,0.000000,SIM-1001-101,dlariviere,FILL_SIMULATOR,IEX,361425793267809,,quantity must be positive
T3INTC,2019-Oct-10 14:28:57.304000,2019-Oct-10 14:28:57.304000,FILLED,FILL,SPY,BUY,LIMIT,DAY,292.970000,100,0,100,0,292.970000,0.120000,SIM-1001-101,dlariviere,FILL_SIMULATOR,IEX,361425793267810,,
T3INTC,2019-Oct-10 16:26:28.760000,2019-Oct-10 16:26:28.760000,FILLED,FILL,SPY,SELL,LIMIT,DAY,293.350000,-100,0,-100,0,293.350000,0.777104,SIM-1001-101,dlariviere,FILL_SIMULATOR,IEX,361425793267811,,
T3INTC,2019-Oct-10 18:09:56.500000,2019-Oct-10 18:09:56.500000,FILLED,FILL,SPY,BUY,LIMIT,DAY,292.490000,82,0,82,0,292.490000,0.098400,SIM-1001-101,dlariviere,FILL_SIMULATOR,IEX,361425793267812,,
T3INTC,2019-Oct-10 18:25:49.831000,2019-Oct-10 18:25:49.831000,FILLED,FILL,SPY,SELL,LIMIT,DAY,292.680000,-82,0,-82,0,292.680000,0.635995,SIM-1001-101,dlariviere,FILL_SIMULATOR,IEX,361425793267813,,
T3INTC,2019-Oct-11 13:30:08.509000,2019-Oct-11 13:30:08.509000,FILLED,FILL,SPY,BUY,LIMIT,DAY,296.350000,35,0,35,0,296.350000,0.042000,SIM-1001-101,dlariviere,FILL_SIMULATOR,IEX,361425793267814,,
T3INTC,2019-Oct-11 13:31:14.125000,2019-Oct-11 13:31:14.125000,REJECTED,REJECT,SPY,SELL,LIMIT,DAY,296.515000,-35,0,0,-35,0.000000,0.000000,SIM-1001-101,dlariviere,FILL_SIMULATOR,IEX,361425793267815,,limit price is not an increment of minimum tick size
T3INTC,2019-Oct-11 13:32:13.919000,2019-Oct-11 13:32:13.919000,REJECTED,REJECT,SPY,BUY,LIMIT,DAY,296.605000,100,0,0,100,0.000000,0.000000,SIM-1001-101,dlariviere,FILL_SIMULATOR,IEX,361425793267816,,limit price is not an increment of minimum tick size
T3INTC,2019-Oct-11 13:38:06.579000,2019-Oct-11 13:38:06.579000,REJECTED,REJECT,SPY,SELL,LIMIT,DAY,296.645000,-35,0,0,-35,0.000000,0.000000,SIM-1001-101,dlariviere,FILL_SIMULATOR,IEX,361425793267817,,limit price is not an increment of minimum tick size
T3INTC,2019-Oct-11 13:41:55.999000,2019-Oct-11 13:41:55.999000,FILLED,FILL,SPY,BUY,LIMIT,DAY,296.660000,100,0,100,0,296.660000,0.120000,SIM-1001-101,dlariviere,FILL_SIMULATOR,IEX,361425793267818,,
T3INTC,2019-Oct-11 13:46:07.769000,2019-Oct-11 13:46:07.769000,REJECTED,REJECT,SPY,SELL,LIMIT,DAY,297.165000,-135,0,0,-135,0.000000,0.000000,SIM-1001-101,dlariviere,FILL_SIMULATOR,IEX,361425793267819,,limit price is not an increment of minimum tick size
T3INTC,2019-Oct-11 13:49:14.138000,2019-Oct-11 13:49:14.138000,REJECTED,REJECT,SPY,BUY,LIMIT,DAY,297.645000,100,0,0,100,0.000000,0.000000,SIM-1001-101,dlariviere,FILL_SIMULATOR,IEX,361425793267820,,limit price is not an increment of minimum tick size
T3INTC,2019-Oct-11 13:49:27.461000,2019-Oct-11 13:49:27.461000,FILLED,FILL,SPY,SELL,LIMIT,DAY,297.340000,-135,0,-135,0,297.340000,1.061156,SIM-1001-101,dlariviere,FILL_SIMULATOR,IEX,361425793267821,,
T3INTC,2019-Oct-11 13:50:38.440000,2019-Oct-11 13:50:38.440000,REJECTED,REJECT,SPY,BUY,LIMIT,DAY,297.435000,200,0,0,200,0.000000,0.000000,SIM-1001-101,dlariviere,FILL_SIMULATOR,IEX,361425793267822,,limit price is not an increment of minimum tick size
T3INTC,2019-Oct-11 13:50:53.322000,2019-Oct-11 13:50:53.322000,REJECTED,REJECT,SPY,SELL,LIMIT,DAY,297.520000,0,0,0,0,0.000000,0.000000,SIM-1001-101,dlariviere,FILL_SIMULATOR,IEX,361425793267823,,quantity must be positive
T3INTC,2019-Oct-11 15:47:46.481000,2019-Oct-11 15:47:46.481000,FILLED,FILL,SPY,BUY,LIMIT,DAY,298.270000,200,0,200,0,298.270000,0.240000,SIM-1001-101,dlariviere,FILL_SIMULATOR,IEX,361425793267824,,
T3INTC,2019-Oct-11 15:49:19.470000,2019-Oct-11 15:49:19.470000,FILLED,FILL,SPY,SELL,LIMIT,DAY,297.910000,-200,0,-200,0,297.910000,1.574637,SIM-1001-101,dlariviere,FILL_SIMULATOR,IEX,361425793267825,,
T3INTC,2019-Oct-11 15:49:40.805000,2019-Oct-11 15:49:40.805000,FILLED,FILL,SPY,BUY,LIMIT,DAY,297.900000,100,0,100,0,297.900000,0.120000,SIM-1001-101,dlariviere,FILL_SIMULATOR,IEX,361425793267826,,
T3INTC,2019-Oct-11 15:54:11.402000,2019-Oct-11 15:54:11.402000,FILLED,FILL,SPY,SELL,LIMIT,DAY,297.720000,-100,0,-100,0,297.720000,0.786893,SIM-1001-101,dlariviere,FILL_SIMULATOR,IEX,361425793267827,,
T3INTC,2019-Oct-11 16:32:14.417000,2019-Oct-11 16:32:14.417000,FILLED,FILL,SPY,BUY,LIMIT,DAY,296.600000,100,0,100,0,296.600000,0.120000,SIM-1001-101,dlariviere,FILL_SIMULATOR,IEX,361425793267828,,
T3INTC,2019-Oct-11 16:32:20.933000,2019-Oct-11 16:32:20.933000,FILLED,FILL,SPY,SELL,LIMIT,DAY,296.570000,-100,0,-100,0,296.570000,0.784317,SIM-1001-101,dlariviere,FILL_SIMULATOR,IEX,361425793267829,,
T3INTC,2019-Oct-11 16:32:26.858000,2019-Oct-11 16:32:26.858000,FILLED,FILL,SPY,BUY,LIMIT,DAY,296.830000,100,0,100,0,296.830000,0.120000,SIM-1001-101,dlariviere,FILL_SIMULATOR,IEX,361425793267830,,
T3INTC,2019-Oct-11 16:32:37.861000,2019-Oct-11 16:32:37.861000,FILLED,FILL,SPY,SELL,LIMIT,DAY,296.900000,-100,0,-100,0,296.900000,0.785056,SIM-1001-101,dlariviere,FILL_SIMULATOR,IEX,361425793267831,,
T3INTC,2019-Oct-11 16:32:41.555000,2019-Oct-11 16:32:41.555000,FILLED,FILL,SPY,BUY,LIMIT,DAY,296.990000,100,0,100,0,296.990000,0.120000,SIM-1001-101,dlariviere,FILL_SIMULATOR,IEX,361425793267832,,
T3INTC,2019-Oct-11 16:33:01.510000,2019-Oct-11 16:33:01.510000,FILLED,FILL,SPY,SELL,LIMIT,DAY,297.030000,-100,0,-100,0,297.030000,0.785347,SIM-1001-101,dlariviere,FILL_SIMULATOR,IEX,361425793267833,,
T3INTC,2019-Oct-11 16:36:01.248000,2019-Oct-11 16:36:01.248000,FILLED,FILL,SPY,BUY,LIMIT,DAY,297.320000,200,0,200,0,297.320000,0.240000,SIM-1001-101,dlariviere,FILL_SIMULATOR,IEX,361425793267834,,
T3INTC,2019-Oct-11 17:27:07.676000,2019-Oct-11 17:27:07.676000,FILLED,FILL,SPY,SELL,LIMIT,DAY,297.800000,-200,0,-200,0,297.800000,1.574144,SIM-1001-101,dlariviere,FILL_SIMULATOR,IEX,361425793267835,,
T3INTC,2019-Oct-11 19:39:56.373000,2019-Oct-11 19:39:56.373000,FILLED,FILL,SPY,BUY,LIMIT,DAY,298.550000,100,0,100,0,298.550000,0.120000,SIM-1001-101,dlariviere,FILL_SIMULATOR,IEX,361425793267836,,
T3INTC,2019-Oct-11 19:41:06.573000,2019-Oct-11 19:41:06.573000,FILLED,FILL,SPY,SELL,LIMIT,DAY,298.300000,-100,0,-100,0,298.300000,0.788192,SIM-1001-101,dlariviere,FILL_SIMULATOR,IEX,361425793267837,,
T3INTC,2019-Oct-14 13:30:18.624000,2019-Oct-14 13:30:18.624000,FILLED,FILL,SPY,BUY,LIMIT,DAY,295.980000,100,0,100,0,295.980000,0.120000,SIM-1001-101,dlariviere,FILL_SIMULATOR,IEX,361425793267838,,
T3INTC,2019-Oct-14 13:37:16.385000,2019-Oct-14 13:37:16.385000,REJECTED,REJECT,SPY,SELL,LIMIT,DAY,295.715000,-100,0,0,-100,0.000000,0.000000,SIM-1001-101,dlariviere,FILL_SIMULATOR,IEX,361425793267839,,limit price is not an increment of minimum tick size
T3INTC,2019-Oct-14 13:41:13.732000,2019-Oct-14 13:41:13.732000,FILLED,FILL,SPY,BUY,LIMIT,DAY,295.640000,100,0,100,0,295.640000,0.120000,SIM-1001-101,dlariviere,FILL_SIMULATOR,IEX,361425793267840,,
T3INTC,2019-Oct-14 13:51:39.257000,2019-Oct-14 13:51:39.257000,FILLED,FILL,SPY,SELL,LIMIT,DAY,296.020000,-200,0,-200,0,296.020000,1.566170,SIM-1001-101,dlariviere,FILL_SIMULATOR,IEX,361425793267841,,
T3INTC,2019-Oct-14 13:56:16.101000,2019-Oct-14 13:56:16.101000,REJECTED,REJECT,SPY,BUY,LIMIT,DAY,296.065000,100,0,0,100,0.000000,0.000000,SIM-1001-101,dlariviere,FILL_SIMULATOR,IEX,361425793267842,,limit price is not an increment of minimum tick size
T3INTC,2019-Oct-15 13:30:03.521000,2019-Oct-15 13:30:03.521000,REJECTED,REJECT,SPY,SELL,LIMIT,DAY,297.070000,0,0,0,0,0.000000,0.000000,SIM-1001-101,dlariviere,FILL_SIMULATOR,IEX,361425793267843,,quantity must be positive
T3INTC,2019-Oct-15 13:30:07.181000,2019-Oct-15 13:30:07.181000,FILLED,FILL,SPY,BUY,LIMIT,DAY,297.070000,500,0,500,0,297.070000,0.600000,SIM-1001-101,dlariviere,FILL_SIMULATOR,IEX,361425793267844,,
T3INTC,2019-Oct-15 13:30:49.595000,2019-Oct-15 13:30:49.595000,FILLED,FILL,SPY,SELL,LIMIT,DAY,297.030000,-500,0,-500,0,297.030000,3.926736,SIM-1001-101,dlariviere,FILL_SIMULATOR,IEX,361425793267845,,
T3INTC,2019-Oct-15 13:31:00.952000,2019-Oct-15 13:31:00.952000,FILLED,FILL,SPY,BUY,LIMIT,DAY,297.100000,100,0,100,0,297.100000,0.120000,SIM-1001-101,dlariviere,FILL_SIMULATOR,IEX,361425793267846,,
T3INTC,2019-Oct-15 13:32:39.256000,2019-Oct-15 13:32:39.256000,FILLED,FILL,SPY,SELL,LIMIT,DAY,297.270000,-100,0,-100,0,297.270000,0.785885,SIM-1001-101,dlariviere,FILL_SIMULATOR,IEX,361425793267847,,
T3INTC,2019-Oct-15 13:37:55.160000,2019-Oct-15 13:37:55.160000,REJECTED,REJECT,SPY,BUY,LIMIT,DAY,297.205000,25,0,0,25,0.000000,0.000000,SIM-1001-101,dlariviere,FILL_SIMULATOR,IEX,361425793267848,,limit price is not an increment of minimum tick size
T3INTC,2019-Oct-15 13:52:24.867000,2019-Oct-15 13:52:24.867000,REJECTED,REJECT,SPY,SELL,LIMIT,DAY,297.420000,0,0,0,0,0.000000,0.000000,SIM-1001-101,dlariviere,FILL_SIMULATOR,IEX,361425793267849,,quantity must be positive
T3INTC,2019-Oct-15 16:00:40.276000,2019-Oct-15 16:00:40.276000,FILLED,FILL,SPY,BUY,LIMIT,DAY,299.300000,100,0,100,0,299.300000,0.120000,SIM-1001-101,dlariviere,FILL_SIMULATOR,IEX,361425793267850,,
T3INTC,2019-Oct-15 16:24:43.366000,2019-Oct-15 16:24:43.366000,FILLED,FILL,SPY,SELL,LIMIT,DAY,299.100000,-100,0,-100,0,299.100000,0.789984,SIM-1001-101,dlariviere,FILL_SIMULATOR,IEX,361425793267851,,
T3INTC,2019-Oct-15 16:28:23.689000,2019-Oct-15 16:28:23.689000,FILLED,FILL,SPY,BUY,LIMIT,DAY,299.120000,500,0,500,0,299.120000,0.600000,SIM-1001-101,dlariviere,FILL_SIMULATOR,IEX,361425793267852,,
T3INTC,2019-Oct-15 16:41:10.694000,2019-Oct-15 16:41:10.694000,FILLED,FILL,SPY,SELL,LIMIT,DAY,299.220000,-500,0,-500,0,299.220000,3.951264,SIM-1001-101,dlariviere,FILL_SIMULATOR,IEX,361425793267853,,
T3INTC,2019-Oct-16 13:30:11.433000,2019-Oct-16 13:30:11.433000,REJECTED,REJECT,SPY,BUY,LIMIT,DAY,298.285000,100,0,0,100,0.000000,0.000000,SIM-1001-101,dlariviere,FILL_SIMULATOR,IEX,361425793267854,,limit price is not an increment of minimum tick size
T3INTC,2019-Oct-16 13:35:51.448000,2019-Oct-16 13:35:51.448000,REJECTED,REJECT,SPY,SELL,LIMIT,DAY,298.230000,0,0,0,0,0.000000,0.000000,SIM-1001-101,dlariviere,FILL_SIMULATOR,IEX,361425793267855,,quantity must be positive
T3INTC,2019-Oct-16 13:36:43.761000,2019-Oct-16 13:36:43.761000,FILLED,FILL,SPY,BUY,LIMIT,DAY,298.220000,100,0,100,0,298.220000,0.120000,SIM-1001-101,dlariviere,FILL_SIMULATOR,IEX,361425793267856,,
T3INTC,2019-Oct-16 13:40:49.835000,2019-Oct-16 13:40:49.835000,FILLED,FILL,SPY,SELL,LIMIT,DAY,298.420000,-100,0,-100,0,298.420000,0.788461,SIM-1001-101,dlariviere,FILL_SIMULATOR,IEX,361425793267857,,
T3INTC,2019-Oct-16 14:32:15.279000,2019-Oct-16 14:32:15.279000,REJECTED,REJECT,SPY,BUY,LIMIT,DAY,298.775000,38,0,0,38,0.000000,0.000000,SIM-1001-101,dlariviere,FILL_SIMULATOR,IEX,361425793267858,,limit price is not an increment of minimum tick size
T3INTC,2019-Oct-16 14:34:00.633000,2019-Oct-16 14:34:00.633000,REJECTED,REJECT,SPY,SELL,LIMIT,DAY,298.685000,0,0,0,0,0.000000,0.000000,SIM-1001-101,dlariviere,FILL_SIMULATOR,IEX,361425793267859,,quantity must be positive
T3INTC,2019-Oct-16 14:51:25.578000,2019-Oct-16 14:51:25.578000,FILLED,FILL,SPY,BUY,LIMIT,DAY,298.790000,100,0,100,0,298.790000,0.120000,SIM-1001-101,dlariviere,FILL_SIMULATOR,IEX,361425793267860,,
T3INTC,2019-Oct-17 13:31:29.894000,2019-Oct-17 13:31:29.894000,FILLED,FILL,SPY,SELL,LIMIT,DAY,299.770000,-100,0,-100,0,299.770000,0.791485,SIM-1001-101,dlariviere,FILL_SIMULATOR,IEX,361425793267861,,
T3INTC,2019-Oct-17 13:32:55.311000,2019-Oct-17 13:32:55.311000,FILLED,FILL,SPY,BUY,LIMIT,DAY,299.850000,100,0,100,0,299.850000,0.120000,SIM-1001-101,dlariviere,FILL_SIMULATOR,IEX,361425793267862,,
T3INTC,2019-Oct-17 13:33:39.432000,2019-Oct-17 13:33:39.432000,FILLED,FILL,SPY,SELL,LIMIT,DAY,299.690000,-100,0,-100,0,299.690000,0.791306,SIM-1001-101,dlariviere,FILL_SIMULATOR,IEX,361425793267863,,
T3INTC,2019-Oct-17 13:36:27.145000,2019-Oct-17 13:36:27.145000,FILLED,FILL,SPY,BUY,LIMIT,DAY,299.510000,100,0,100,0,299.510000,0.120000,SIM-1001-101,dlariviere,FILL_SIMULATOR,IEX,361425793267864,,
T3INTC,2019-Oct-17 13:54:29.127000,2019-Oct-17 13:54:29.127000,REJECTED,REJECT,SPY,SELL,LIMIT,DAY,300.115000,-100,0,0,-100,0.000000,0.000000,SIM-1001-101,dlariviere,FILL_SIMULATOR,IEX,361425793267865,,limit price is not an increment of minimum tick size
T3INTC,2019-Oct-17 15:08:12.607000,2019-Oct-17 15:08:12.607000,REJECTED,REJECT,SPY,BUY,LIMIT,DAY,299.245000,166,0,0,166,0.000000,0.000000,SIM-1001-101,dlariviere,FILL_SIMULATOR,IEX,361425793267866,,limit price is not an increment of minimum tick size
T3INTC,2019-Oct-17 15:36:02.415000,2019-Oct-17 15:36:02.415000,REJECTED,REJECT,SPY,SELL,LIMIT,DAY,299.055000,-100,0,0,-100,0.000000,0.000000,SIM-1001-101,dlariviere,FILL_SIMULATOR,IEX,361425793267867,,limit price is not an increment of minimum tick size
T3INTC,2019-Oct-17 17:36:28.710000,2019-Oct-17 17:36:28.710000,REJECTED,REJECT,SPY,BUY,LIMIT,DAY,299.405000,100,0,0,100,0.000000,0.000000,SIM-1001-101,dlariviere,FILL_SIMULATOR,IEX,361425793267868,,limit price is not an increment of minimum tick size
T3INTC,2019-Oct-18 13:30:00.332000,2019-Oct-18 13:30:00.332000,FILLED,FILL,SPY,SELL,LIMIT,DAY,298.730000,-100,0,-100,0,298.730000,0.789155,SIM-1001-101,dlariviere,FILL_SIMULATOR,IEX,361425793267869,,
T3INTC,2019-Oct-18 13:30:26.718000,2019-Oct-18 13:30:26.718000,FILLED,FILL,SPY,BUY,LIMIT,DAY,299.050000,100,0,100,0,299.050000,0.120000,SIM-1001-101,dlariviere,FILL_SIMULATOR,IEX,361425793267870,,
T3INTC,2019-Oct-18 13:31:14.425000,2019-Oct-18 13:31:14.425000,FILLED,FILL,SPY,SELL,LIMIT,DAY,299.060000,-100,0,-100,0,299.060000,0.789894,SIM-1001-101,dlariviere,FILL_SIMULATOR,IEX,361425793267871,,
T3INTC,2019-Oct-18 13:34:51.104000,2019-Oct-18 13:34:51.104000,FILLED,FILL,SPY,BUY,LIMIT,DAY,299.100000,100,0,100,0,299.100000,0.120000,SIM-1001-101,dlariviere,FILL_SIMULATOR,IEX,361425793267872,,
T3INTC,2019-Oct-18 13:39:00.983000,2019-Oct-18 13:39:00.983000,FILLED,FILL,SPY,SELL,LIMIT,DAY,299.150000,-100,0,-100,0,299.150000,0.790096,SIM-1001-101,dlariviere,FILL_SIMULATOR,IEX,361425793267873,,
T3INTC,2019-Oct-18 13:39:41.155000,2019-Oct-18 13:39:41.155000,REJECTED,REJECT,SPY,BUY,LIMIT,DAY,299.205000,100,0,0,100,0.000000,0.000000,SIM-1001-101,dlariviere,FILL_SIMULATOR,IEX,361425793267874,,limit price is not an increment of minimum tick size
T3INTC,2019-Oct-18 15:34:51.189000,2019-Oct-18 15:34:51.189000,REJECTED,REJECT,SPY,SELL,LIMIT,DAY,298.570000,0,0,0,0,0.000000,0.000000,SIM-1001-101,dlariviere,FILL_SIMULATOR,IEX,361425793267875,,quantity must be positive
T3INTC,2019-Oct-21 13:30:00.221000,2019-Oct-21 13:30:00.221000,FILLED,FILL,SPY,BUY,LIMIT,DAY,299.390000,200,0,200,0,299.390000,0.240000,SIM-1001-101,dlariviere,FILL_SIMULATOR,IEX,361425793267876,,
T3INTC,2019-Oct-21 13:31:26.963000,2019-Oct-21 13:31:26.963000,FILLED,FILL,SPY,SELL,LIMIT,DAY,299.480000,-200,0,-200,0,299.480000,1.581670,SIM-1001-101,dlariviere,FILL_SIMULATOR,IEX,361425793267877,,
T3INTC,2019-Oct-21 13:32:01.421000,2019-Oct-21 13:32:01.421000,FILLED,FILL,SPY,BUY,LIMIT,DAY,299.510000,500,0,500,0,299.510000,0.600000,SIM-1001-101,dlariviere,FILL_SIMULATOR,IEX,361425793267878,,
T3INTC,2019-Oct-21 13:34:02.290000,2019-Oct-21 13:34:02.290000,FILLED,FILL,SPY,SELL,LIMIT,DAY,299.360000,-500,0,-500,0,299.360000,3.952832,SIM-1001-101,dlariviere,FILL_SIMULATOR,IEX,361425793267879,,
T3INTC,2019-Oct-21 13:34:23.294000,2019-Oct-21 13:34:23.294000,FILLED,FILL,SPY,BUY,LIMIT,DAY,299.380000,100,0,100,0,299.380000,0.120000,SIM-1001-101,dlariviere,FILL_SIMULATOR,IEX,361425793267880,,
T3INTC,2019-Oct-21 13:35:39.298000,2019-Oct-21 13:35:39.298000,FILLED,FILL,SPY,SELL,LIMIT,DAY,299.420000,-100,0,-100,0,299.420000,0.790701,SIM-1001-101,dlariviere,FILL_SIMULATOR,IEX,361425793267881,,
T3INTC,2019-Oct-21 13:36:03.859000,2019-Oct-21 13:36:03.859000,FILLED,FILL,SPY,BUY,LIMIT,DAY,299.540000,11,0,11,0,299.540000,0.013200,SIM-1001-101,dlariviere,FILL_SIMULATOR,IEX,361425793267882,,
T3INTC,2019-Oct-21 13:52:20.455000,2019-Oct-21 13:52:20.455000,FILLED,FILL,SPY,SELL,LIMIT,DAY,299.280000,-11,0,-11,0,299.280000,0.086943,SIM-1001-101,dlariviere,FILL_SIMULATOR,IEX,361425793267883,,
T3INTC,2019-Oct-21 14:00:29.258000,2019-Oct-21 14:00:29.258000,FILLED,FILL,SPY,BUY,LIMIT,DAY,299.280000,100,0,100,0,299.280000,0.120000,SIM-1001-101,dlariviere,FILL_SIMULATOR,IEX,361425793267884,,
T3INTC,2019-Oct-21 14:03:13.686000,2019-Oct-21 14:03:13.686000,REJECTED,REJECT,SPY,SELL,LIMIT,DAY,299.255000,-100,0,0,-100,0.000000,0.000000,SIM-1001-101,dlariviere,FILL_SIMULATOR,IEX,361425793267885,,limit price is not an increment of minimum tick size
T3INTC,2019-Oct-21 14:13:52.397000,2019-Oct-21 14:13:52.397000,FILLED,FILL,SPY,BUY,LIMIT,DAY,299.300000,20,0,20,0,299.300000,0.024000,SIM-1001-101,dlariviere,FILL_SIMULATOR,IEX,361425793267886,,
T3INTC,2019-Oct-22 13:30:05.838000,2019-Oct-22 13:30:05.838000,REJECTED,REJECT,SPY,SELL,LIMIT,DAY,300.675000,-120,0,0,-120,0.000000,0.000000,SIM-1001-101,dlariviere,FILL_SIMULATOR,IEX,361425793267887,,limit price is not an increment of minimum tick size
T3INTC,2019-Oct-22 13:31:21.451000,2019-Oct-22 13:31:21.451000,FILLED,FILL,SPY,BUY,LIMIT,DAY,300.690000,100,0,100,0,300.690000,0.120000,SIM-1001-101,dlariviere,FILL_SIMULATOR,IEX,361425793267888,,
T3INTC,2019-Oct-22 13:35:33.635000,2019-Oct-22 13:35:33.635000,REJECTED,REJECT,SPY,SELL,LIMIT,DAY,300.455000,-220,0,0,-220,0.000000,0.000000,SIM-1001-101,dlariviere,FILL_SIMULATOR,IEX,361425793267889,,limit price is not an increment of minimum tick size
T3INTC,2019-Oct-22 13:39:02.827000,2019-Oct-22 13:39:02.827000,REJECTED,REJECT,SPY,BUY,LIMIT,DAY,300.445000,139,0,0,139,0.000000,0.000000,SIM-1001-101,dlariviere,FILL_SIMULATOR,IEX,361425793267890,,limit price is not an increment of minimum tick size
T3INTC,2019-Oct-22 13:48:07.891000,2019-Oct-22 13:48:07.891000,FILLED,FILL,SPY,SELL,LIMIT,DAY,300.550000,-220,0,-220,0,300.550000,1.745110,SIM-1001-101,dlariviere,FILL_SIMULATOR,IEX,361425793267891,,
T3INTC,2019-Oct-23 13:33:45.407000,2019-Oct-23 13:33:45.407000,REJECTED,REJECT,SPY,BUY,LIMIT,DAY,298.775000,100,0,0,100,0.000000,0.000000,SIM-1001-101,dlariviere,FILL_SIMULATOR,IEX,361425793267892,,limit price is not an increment of minimum tick size
T3INTC,2019-Oct-23 13:33:46.519000,2019-Oct-23 13:33:46.519000,REJECTED,REJECT,SPY,SELL,LIMIT,DAY,298.770000,0,0,0,0,0.000000,0.000000,SIM-1001-101,dlariviere,FILL_SIMULATOR,IEX,361425793267893,,quantity must be positive
T3INTC,2019-Oct-23 13:33:51.344000,2019-Oct-23 13:33:51.344000,FILLED,FILL,SPY,BUY,LIMIT,DAY,298.770000,84,0,84,0,298.770000,0.100800,SIM-1001-101,dlariviere,FILL_SIMULATOR,IEX,361425793267894,,
T3INTC,2019-Oct-23 13:34:15.338000,2019-Oct-23 13:34:15.338000,FILLED,FILL,SPY,SELL,LIMIT,DAY,298.840000,-84,0,-84,0,298.840000,0.663097,SIM-1001-101,dlariviere,FILL_SIMULATOR,IEX,361425793267895,,
T3INTC,2019-Oct-23 13:35:06.895000,2019-Oct-23 13:35:06.895000,FILLED,FILL,SPY,BUY,LIMIT,DAY,298.720000,39,0,39,0,298.720000,0.046800,SIM-1001-101,dlariviere,FILL_SIMULATOR,IEX,361425793267896,,
T3INTC,2019-Oct-23 13:35:42.151000,2019-Oct-23 13:35:42.151000,FILLED,FILL,SPY,SELL,LIMIT,DAY,298.670000,-39,0,-39,0,298.670000,0.307718,SIM-1001-101,dlariviere,FILL_SIMULATOR,IEX,361425793267897,,
T3INTC,2019-Oct-23 13:38:23.714000,2019-Oct-23 13:38:23.714000,FILLED,FILL,SPY,BUY,LIMIT,DAY,298.920000,90,0,90,0,298.920000,0.108000,SIM-1001-101,dlariviere,FILL_SIMULATOR,IEX,361425793267898,,
T3INTC,2019-Oct-23 13:39:55.864000,2019-Oct-23 13:39:55.864000,REJECTED,REJECT,SPY,SELL,LIMIT,DAY,299.095000,-90,0,0,-90,0.000000,0.000000,SIM-1001-101,dlariviere,FILL_SIMULATOR,IEX,361425793267899,,limit price is not an increment of minimum tick size
T3INTC,2019-Oct-23 13:40:32.105000,2019-Oct-23 13:40:32.105000,FILLED,FILL,SPY,BUY,LIMIT,DAY,299.100000,100,0,100,0,299.100000,0.120000,SIM-1001-101,dlariviere,FILL_SIMULATOR,IEX,361425793267900,,
T3INTC,2019-Oct-23 13:46:42.246000,2019-Oct-23 13:46:42.246000,FILLED,FILL,SPY,SELL,LIMIT,DAY,299.340000,-190,0,-190,0,299.340000,1.501991,SIM-1001-101,dlariviere,FILL_SIMULATOR,IEX,361425793267901,,
T3INTC,2019-Oct-23 13:51:08.968000,2019-Oct-23 13:51:08.968000,FILLED,FILL,SPY,BUY,LIMIT,DAY,299.200000,100,0,100,0,299.200000,0.120000,SIM-1001-101,dlariviere,FILL_SIMULATOR,IEX,361425793267902,,
T3INTC,2019-Oct-23 13:53:09.742000,2019-Oct-23 13:53:09.742000,FILLED,FILL,SPY,SELL,LIMIT,DAY,299.220000,-100,0,-100,0,299.220000,0.790253,SIM-1001-101,dlariviere,FILL_SIMULATOR,IEX,361425793267903,,
T3INTC,2019-Oct-23 13:58:16.595000,2019-Oct-23 13:58:16.595000,FILLED,FILL,SPY,BUY,LIMIT,DAY,299.120000,100,0,100,0,299.120000,0.120000,SIM-1001-101,dlariviere,FILL_SIMULATOR,IEX,361425793267904,,
T3INTC,2019-Oct-23 14:02:35.682000,2019-Oct-23 14:02:35.682000,FILLED,FILL,SPY,SELL,LIMIT,DAY,299.200000,-100,0,-100,0,299.200000,0.790208,SIM-1001-101,dlariviere,FILL_SIMULATOR,IEX,361425793267905,,
T3INTC,2019-Oct-23 14:08:39.393000,2019-Oct-23 14:08:39.393000,FILLED,FILL,SPY,BUY,LIMIT,DAY,299.170000,31,0,31,0,299.170000,0.037200,SIM-1001-101,dlariviere,FILL_SIMULATOR,IEX,361425793267906,,
T3INTC,2019-Oct-23 14:20:51.625000,2019-Oct-23 14:20:51.625000,REJECTED,REJECT,SPY,SELL,LIMIT,DAY,299.055000,-31,0,0,-31,0.000000,0.000000,SIM-1001-101,dlariviere,FILL_SIMULATOR,IEX,361425793267907,,limit price is not an increment of minimum tick size
T3INTC,2019-Oct-23 14:30:25.355000,2019-Oct-23 14:30:25.355000,REJECTED,REJECT,SPY,BUY,LIMIT,DAY,299.245000,69,0,0,69,0.000000,0.000000,SIM-1001-101,dlariviere,FILL_SIMULATOR,IEX,361425793267908,,limit price is not an increment of minimum tick size
T3INTC,2019-Oct-23 14:31:02.806000,2019-Oct-23 14:31:02.806000,FILLED,FILL,SPY,SELL,LIMIT,DAY,299.060000,-31,0,-31,0,299.060000,0.244867,SIM-1001-101,dlariviere,FILL_SIMULATOR,IEX,361425793267909,,
T3INTC,2019-Oct-23 14:44:54.540000,2019-Oct-23 14:44:54.540000,REJECTED,REJECT,SPY,BUY,LIMIT,DAY,299.025000,9,0,0,9,0.000000,0.000000,SIM-1001-101,dlariviere,FILL_SIMULATOR,IEX,361425793267910,,limit price is not an increment of minimum tick size
T3INTC,2019-Oct-24 13:32:03.600000,2019-Oct-24 13:32:03.600000,REJECTED,REJECT,SPY,SELL,LIMIT,DAY,300.785000,0,0,0,0,0.000000,0.000000,SIM-1001-101,dlariviere,FILL_SIMULATOR,IEX,361425793267911,,quantity must be positive
T3INTC,2019-Oct-24 13:36:46.351000,2019-Oct-24 13:36:46.351000,REJECTED,REJECT,SPY,BUY,LIMIT,DAY,300.605000,1,0,0,1,0.000000,0.000000,SIM-1001-101,dlariviere,FILL_SIMULATOR,IEX,361425793267912,,limit price is not an increment of minimum tick size
T3INTC,2019-Oct-24 13:38:43.733000,2019-Oct-24 13:38:43.733000,REJECTED,REJECT,SPY,SELL,LIMIT,DAY,300.530000,0,0,0,0,0.000000,0.000000,SIM-1001-101,dlariviere,FILL_SIMULATOR,IEX,361425793267913,,quantity must be positive
T3INTC,2019-Oct-24 13:41:31.251000,2019-Oct-24 13:41:31.251000,REJECTED,REJECT,SPY,BUY,LIMIT,DAY,300.395000,100,0,0,100,0.000000,0.000000,SIM-1001-101,dlariviere,FILL_SIMULATOR,IEX,361425793267914,,limit price is not an increment of minimum tick size
T3INTC,2019-Oct-24 13:47:41.972000,2019-Oct-24 13:47:41.972000,REJECTED,REJECT,SPY,SELL,LIMIT,DAY,300.460000,0,0,0,0,0.000000,0.000000,SIM-1001-101,dlariviere,FILL_SIMULATOR,IEX,361425793267915,,quantity must be positive
T3INTC,2019-Oct-24 13:51:37.563000,2019-Oct-24 13:51:37.563000,FILLED,FILL,SPY,BUY,LIMIT,DAY,300.220000,300,0,300,0,300.220000,0.360000,SIM-1001-101,dlariviere,FILL_SIMULATOR,IEX,361425793267916,,
T3INTC,2019-Oct-24 14:02:00.808000,2019-Oct-24 14:02:00.808000,REJECTED,REJECT,SPY,SELL,LIMIT,DAY,299.845000,-300,0,0,-300,0.000000,0.000000,SIM-1001-101,dlariviere,FILL_SIMULATOR,IEX,361425793267917,,limit price is not an increment of minimum tick size
T3INTC,2019-Oct-24 14:11:21.774000,2019-Oct-24 14:11:21.774000,FILLED,FILL,SPY,BUY,LIMIT,DAY,299.730000,100,0,100,0,299.730000,0.120000,SIM-1001-101,dlariviere,FILL_SIMULATOR,IEX,361425793267918,,
T3INTC,2019-Oct-24 14:30:40.867000,2019-Oct-24 14:30:40.867000,REJECTED,REJECT,SPY,SELL,LIMIT,DAY,299.495000,-400,0,0,-400,0.000000,0.000000,SIM-1001-101,dlariviere,FILL_SIMULATOR,IEX,361425793267919,,limit price is not an increment of minimum tick size
T3INTC,2019-Oct-24 15:31:41.539000,2019-Oct-24 15:31:41.539000,FILLED,FILL,SPY,BUY,LIMIT,DAY,300.560000,35,0,35,0,300.560000,0.042000,SIM-1001-101,dlariviere,FILL_SIMULATOR,IEX,361425793267920,,
T3INTC,2019-Oct-24 15:48:00.183000,2019-Oct-24 15:48:00.183000,REJECTED,REJECT,SPY,SELL,LIMIT,DAY,300.415000,-435,0,0,-435,0.000000,0.000000,SIM-1001-101,dlariviere,FILL_SIMULATOR,IEX,361425793267921,,limit price is not an increment of minimum tick size
T3INTC,2019-Oct-24 15:51:40.679000,2019-Oct-24 15:51:40.679000,FILLED,FILL,SPY,BUY,LIMIT,DAY,300.190000,100,0,100,0,300.190000,0.120000,SIM-1001-101,dlariviere,FILL_SIMULATOR,IEX,361425793267922,,
T3INTC,2019-Oct-24 16:06:01.819000,2019-Oct-24 16:06:01.819000,REJECTED,REJECT,SPY,SELL,LIMIT,DAY,300.345000,-535,0,0,-535,0.000000,0.000000,SIM-1001-101,dlariviere,FILL_SIMULATOR,IEX,361425793267923,,limit price is not an increment of minimum tick size
T3INTC,2019-Oct-25 13:30:00.991000,2019-Oct-25 13:30:00.991000,FILLED,FILL,SPY,BUY,LIMIT,DAY,299.750000,100,0,100,0,299.750000,0.120000,SIM-1001-101,dlariviere,FILL_SIMULATOR,IEX,361425793267924,,
T3INTC,2019-Oct-25 13:30:01.325000,2019-Oct-25 13:30:01.325000,FILLED,FILL,SPY,SELL,LIMIT,DAY,299.720000,-635,0,-635,0,299.720000,5.025217,SIM-1001-101,dlariviere,FILL_SIMULATOR,IEX,361425793267925,,
T3INTC,2019-Oct-25 13:30:04.666000,2019-Oct-25 13:30:04.666000,FILLED,FILL,SPY,BUY,LIMIT,DAY,299.740000,55,0,55,0,299.740000,0.066000,SIM-1001-101,dlariviere,FILL_SIMULATOR,IEX,361425793267926,,
T3INTC,2019-Oct-25 13:30:15.319000,2019-Oct-25 13:30:15.319000,FILLED,FILL,SPY,SELL,LIMIT,DAY,299.740000,-55,0,-55,0,299.740000,0.435280,SIM-1001-101,dlariviere,FILL_SIMULATOR,IEX,361425793267927,,
T3INTC,2019-Oct-25 13:30:16.753000,2019-Oct-25 13:30:16.753000,FILLED,FILL,SPY,BUY,LIMIT,DAY,299.740000,55,0,55,0,299.740000,0.066000,SIM-1001-101,dlariviere,FILL_SIMULATOR,IEX,361425793267928,,
T3INTC,2019-Oct-25 13:30:33.269000,2019-Oct-25 13:30:33.269000,FILLED,FILL,SPY,SELL,LIMIT,DAY,299.830000,-55,0,-55,0,299.830000,0.435391,SIM-1001-101,dlariviere,FILL_SIMULATOR,IEX,361425793267929,,
T3INTC,2019-Oct-25 13:30:56.981000,2019-Oct-25 13:30:56.981000,FILLED,FILL,SPY,BUY,LIMIT,DAY,299.880000,100,0,100,0,299.880000,0.120000,SIM-1001-101,dlariviere,FILL_SIMULATOR,IEX,361425793267930,,
T3INTC,2019-Oct-25 13:31:06.780000,2019-Oct-25 13:31:06.780000,FILLED,FILL,SPY,SELL,LIMIT,DAY,299.880000,-100,0,-100,0,299.880000,0.791731,SIM-1001-101,dlariviere,FILL_SIMULATOR,IEX,361425793267931,,
T3INTC,2019-Oct-25 13:31:23.475000,2019-Oct-25 13:31:23.475000,FILLED,FILL,SPY,BUY,LIMIT,DAY,299.870000,37,0,37,0,299.870000,0.044400,SIM-1001-101,dlariviere,FILL_SIMULATOR,IEX,361425793267932,,
T3INTC,2019-Oct-25 13:31:41.980000,2019-Oct-25 13:31:41.980000,REJECTED,REJECT,SPY,SELL,LIMIT,DAY,299.895000,-37,0,0,-37,0.000000,0.000000,SIM-1001-101,dlariviere,FILL_SIMULATOR,IEX,361425793267933,,limit price is not an increment of minimum tick size
T3INTC,2019-Oct-25 13:31:42.271000,2019-Oct-25 13:31:42.271000,REJECTED,REJECT,SPY,BUY,LIMIT,DAY,299.895000,100,0,0,100,0.000000,0.000000,SIM-1001-101,dlariviere,FILL_SIMULATOR,IEX,361425793267934,,limit price is not an increment of minimum tick size
T3INTC,2019-Oct-25 13:31:52.530000,2019-Oct-25 13:31:52.530000,REJECTED,REJECT,SPY,SELL,LIMIT,DAY,299.895000,-37,0,0,-37,0.000000,0.000000,SIM-1001-101,dlariviere,FILL_SIMULATOR,IEX,361425793267935,,limit price is not an increment of minimum tick size
T3INTC,2019-Oct-25 13:32:11.588000,2019-Oct-25 13:32:11.588000,FILLED,FILL,SPY,BUY,LIMIT,DAY,299.860000,100,0,100,0,299.860000,0.120000,SIM-1001-101,dlariviere,FILL_SIMULATOR,IEX,361425793267936,,
T3INTC,2019-Oct-25 13:32:13.161000,2019-Oct-25 13:32:13.161000,FILLED,FILL,SPY,SELL,LIMIT,DAY,299.860000,-137,0,-137,0,299.860000,1.084610,SIM-1001-101,dlariviere,FILL_SIMULATOR,IEX,361425793267937,,
T3INTC,2019-Oct-25 13:32:36.950000,2019-Oct-25 13:32:36.950000,REJECTED,REJECT,SPY,BUY,LIMIT,DAY,299.875000,68,0,0,68,0.000000,0.000000,SIM-1001-101,dlariviere,FILL_SIMULATOR,IEX,361425793267938,,limit price is not an increment of minimum tick size
T3INTC,2019-Oct-25 13:32:59.645000,2019-Oct-25 13:32:59.645000,REJECTED,REJECT,SPY,SELL,LIMIT,DAY,299.990000,0,0,0,0,0.000000,0.000000,SIM-1001-101,dlariviere,FILL_SIMULATOR,IEX,361425793267939,,quantity must be positive
T3INTC,2019-Oct-25 13:33:22.251000,2019-Oct-25 13:33:22.251000,FILLED,FILL,SPY,BUY,LIMIT,DAY,300.000000,100,0,100,0,300.000000,0.120000,SIM-1001-101,dlariviere,FILL_SIMULATOR,IEX,361425793267940,,
T3INTC,2019-Oct-25 13:34:47.679000,2019-Oct-25 13:34:47.679000,FILLED,FILL,SPY,SELL,LIMIT,DAY,300.130000,-100,0,-100,0,300.130000,0.792291,SIM-1001-101,dlariviere,FILL_SIMULATOR,IEX,361425793267941,,
T3INTC,2019-Oct-25 13:35:05.909000,2019-Oct-25 13:35:05.909000,REJECTED,REJECT,SPY,BUY,LIMIT,DAY,300.105000,100,0,0,100,0.000000,0.000000,SIM-1001-101,dlariviere,FILL_SIMULATOR,IEX,361425793267942,,limit price is not an increment of minimum tick size
T3INTC,2019-Oct-25 13:35:34.147000,2019-Oct-25 13:35:34.147000,REJECTED,REJECT,SPY,SELL,LIMIT,DAY,300.180000,0,0,0,0,0.000000,0.000000,SIM-1001-101,dlariviere,FILL_SIMULATOR,IEX,361425793267943,,quantity must be positive
T3INTC,2019-Oct-25 13:35:41.165000,2019-Oct-25 13:35:41.165000,FILLED,FILL,SPY,BUY,LIMIT,DAY,300.240000,500,0,500,0,300.240000,0.600000,SIM-1001-101,dlariviere,FILL_SIMULATOR,IEX,361425793267944,,
T3INTC,2019-Oct-25 13:36:30.820000,2019-Oct-25 13:36:30.820000,REJECTED,REJECT,SPY,SELL,LIMIT,DAY,300.195000,-500,0,0,-500,0.000000,0.000000,SIM-1001-101,dlariviere,FILL_SIMULATOR,IEX,361425793267945,,limit price is not an increment of minimum tick size
T3INTC,2019-Oct-25 13:36:45.738000,2019-Oct-25 13:36:45.738000,FILLED,FILL,SPY,BUY,LIMIT,DAY,300.180000,96,0,96,0,300.180000,0.115200,SIM-1001-101,dlariviere,FILL_SIMULATOR,IEX,361425793267946,,
T3INTC,2019-Oct-25 13:36:49.801000,2019-Oct-25 13:36:49.801000,REJECTED,REJECT,SPY,SELL,LIMIT,DAY,300.165000,-596,0,0,-596,0.000000,0.000000,SIM-1001-101,dlariviere,FILL_SIMULATOR,IEX,361425793267947,,limit price is not an increment of minimum tick size
T3INTC,2019-Oct-25 13:37:22.693000,2019-Oct-25 13:37:22.693000,REJECTED,REJECT,SPY,BUY,LIMIT,DAY,300.225000,71,0,0,71,0.000000,0.000000,SIM-1001-101,dlariviere,FILL_SIMULATOR,IEX,361425793267948,,limit price is not an increment of minimum tick size
T3INTC,2019-Oct-25 13:37:31.799000,2019-Oct-25 13:37:31.799000,REJECTED,REJECT,SPY,SELL,LIMIT,DAY,300.205000,-596,0,0,-596,0.000000,0.000000,SIM-1001-101,dlariviere,FILL_SIMULATOR,IEX,361425793267949,,limit price is not an increment of minimum tick size
T3INTC,2019-Oct-25 13:37:32.594000,2019-Oct-25 13:37:32.594000,REJECTED,REJECT,SPY,BUY,LIMIT,DAY,300.205000,20,0,0,20,0.000000,0.000000,SIM-1001-101,dlariviere,FILL_SIMULATOR,IEX,361425793267950,,limit price is not an increment of minimum tick size
T3INTC,2019-Oct-25 13:37:48.505000,2019-Oct-25 13:37:48.505000,FILLED,FILL,SPY,SELL,LIMIT,DAY,300.230000,-596,0,-596,0,300.230000,4.723391,SIM-1001-101,dlariviere,FILL_SIMULATOR,IEX,361425793267951,,
T3INTC,2019-Oct-25 13:39:37.203000,2019-Oct-25 13:39:37.203000,FILLED,FILL,SPY,BUY,LIMIT,DAY,300.250000,442,0,442,0,300.250000,0.530400,SIM-1001-101,dlariviere,FILL_SIMULATOR,IEX,361425793267952,,
T3INTC,2019-Oct-25 13:40:50.420000,2019-Oct-25 13:40:50.420000,REJECTED,REJECT,SPY,SELL,LIMIT,DAY,300.275000,-442,0,0,-442,0.000000,0.000000,SIM-1001-101,dlariviere,FILL_SIMULATOR,IEX,361425793267953,,limit price is not an increment of minimum tick size
T3INTC,2019-Oct-25 13:41:11.109000,2019-Oct-25 13:41:11.109000,REJECTED,REJECT,SPY,BUY,LIMIT,DAY,300.295000,100,0,0,100,0.000000,0.000000,SIM-1001-101,dlariviere,FILL_SIMULATOR,IEX,361425793267954,,limit price is not an increment of minimum tick size
T3INTC,2019-Oct-25 13:41:35.586000,2019-Oct-25 13:41:35.586000,FILLED,FILL,SPY,SELL,LIMIT,DAY,300.220000,-442,0,-442,0,300.220000,3.502818,SIM-1001-101,dlariviere,FILL_SIMULATOR,IEX,361425793267955,,
T3INTC,2019-Oct-25 13:41:45.223000,2019-Oct-25 13:41:45.223000,FILLED,FILL,SPY,BUY,LIMIT,DAY,300.200000,100,0,100,0,300.200000,0.120000,SIM-1001-101,dlariviere,FILL_SIMULATOR,IEX,361425793267956,,
T3INTC,2019-Oct-25 13:42:15.806000,2019-Oct-25 13:42:15.806000,FILLED,FILL,SPY,SELL,LIMIT,DAY,300.230000,-100,0,-100,0,300.230000,0.792515,SIM-1001-101,dlariviere,FILL_SIMULATOR,IEX,361425793267957,,
T3INTC,2019-Oct-25 13:42:24.766000,2019-Oct-25 13:42:24.766000,FILLED,FILL,SPY,BUY,LIMIT,DAY,300.230000,100,0,100,0,300.230000,0.120000,SIM-1001-101,dlariviere,FILL_SIMULATOR,IEX,361425793267958,,
T3INTC,2019-Oct-25 13:42:55.948000,2019-Oct-25 13:42:55.948000,REJECTED,REJECT,SPY,SELL,LIMIT,DAY,300.275000,-100,0,0,-100,0.000000,0.000000,SIM-1001-101,dlariviere,FILL_SIMULATOR,IEX,361425793267959,,limit price is not an increment of minimum tick size
T3INTC,2019-Oct-25 13:43:12.424000,2019-Oct-25 13:43:12.424000,FILLED,FILL,SPY,BUY,LIMIT,DAY,300.290000,130,0,130,0,300.290000,0.156000,SIM-1001-101,dlariviere,FILL_SIMULATOR,IEX,361425793267960,,
T3INTC,2019-Oct-25 13:43:29.597000,2019-Oct-25 13:43:29.597000,REJECTED,REJECT,SPY,SELL,LIMIT,DAY,300.275000,-230,0,0,-230,0.000000,0.000000,SIM-1001-101,dlariviere,FILL_SIMULATOR,IEX,361425793267961,,limit price is not an increment of minimum tick size
T3INTC,2019-Oct-25 13:43:50.592000,2019-Oct-25 13:43:50.592000,REJECTED,REJECT,SPY,BUY,LIMIT,DAY,300.255000,100,0,0,100,0.000000,0.000000,SIM-1001-101,dlariviere,FILL_SIMULATOR,IEX,361425793267962,,limit price is not an increment of minimum tick size
T3INTC,2019-Oct-25 13:45:19.583000,2019-Oct-25 13:45:19.583000,FILLED,FILL,SPY,SELL,LIMIT,DAY,300.230000,-230,0,-230,0,300.230000,1.822785,SIM-1001-101,dlariviere,FILL_SIMULATOR,IEX,361425793267963,,
T3INTC,2019-Oct-25 13:46:43.213000,2019-Oct-25 13:46:43.213000,FILLED,FILL,SPY,BUY,LIMIT,DAY,300.220000,1,0,1,0,300.220000,0.001200,SIM-1001-101,dlariviere,FILL_SIMULATOR,IEX,361425793267964,,
T3INTC,2019-Oct-25 13:49:21.624000,2019-Oct-25 13:49:21.624000,FILLED,FILL,SPY,SELL,LIMIT,DAY,300.220000,-1,0,-1,0,300.220000,0.007925,SIM-1001-101,dlariviere,FILL_SIMULATOR,IEX,361425793267965,,
T3INTC,2019-Oct-25 13:50:01.741000,2019-Oct-25 13:50:01.741000,FILLED,FILL,SPY,BUY,LIMIT,DAY,300.240000,100,0,100,0,300.240000,0.120000,SIM-1001-101,dlariviere,FILL_SIMULATOR,IEX,361425793267966,,
T3INTC,2019-Oct-25 13:59:49.310000,2019-Oct-25 13:59:49.310000,FILLED,FILL,SPY,SELL,LIMIT,DAY,300.360000,-100,0,-100,0,300.360000,0.792806,SIM-1001-101,dlariviere,FILL_SIMULATOR,IEX,361425793267967,,
T3INTC,2019-Oct-25 14:00:19.976000,2019-Oct-25 14:00:19.976000,REJECTED,REJECT,SPY,BUY,LIMIT,DAY,300.365000,92,0,0,92,0.000000,0.000000,SIM-1001-101,dlariviere,FILL_SIMULATOR,IEX,361425793267968,,limit price is not an increment of minimum tick size
T3INTC,2019-Oct-25 14:01:37.166000,2019-Oct-25 14:01:37.166000,REJECTED,REJECT,SPY,SELL,LIMIT,DAY,300.400000,0,0,0,0,0.000000,0.000000,SIM-1001-101,dlariviere,FILL_SIMULATOR,IEX,361425793267969,,quantity must be positive
T3INTC,2019-Oct-25 14:05:47.123000,2019-Oct-25 14:05:47.123000,REJECTED,REJECT,SPY,BUY,LIMIT,DAY,300.345000,100,0,0,100,0.000000,0.000000,SIM-1001-101,dlariviere,FILL_SIMULATOR,IEX,361425793267970,,limit price is not an increment of minimum tick size
T3INTC,2019-Oct-25 14:06:00.734000,2019-Oct-25 14:06:00.734000,REJECTED,REJECT,SPY,SELL,LIMIT,DAY,300.345000,0,0,0,0,0.000000,0.000000,SIM-1001-101,dlariviere,FILL_SIMULATOR,IEX,361425793267971,,quantity must be positive
T3INTC,2019-Oct-25 14:08:20.932000,2019-Oct-25 14:08:20.932000,REJECTED,REJECT,SPY,BUY,LIMIT,DAY,300.445000,100,0,0,100,0.000000,0.000000,SIM-1001-101,dlariviere,FILL_SIMULATOR,IEX,361425793267972,,limit price is not an increment of minimum tick size
T3INTC,2019-Oct-25 14:08:23.983000,2019-Oct-25 14:08:23.983000,REJECTED,REJECT,SPY,SELL,LIMIT,DAY,300.445000,0,0,0,0,0.000000,0.000000,SIM-1001-101,dlariviere,FILL_SIMULATOR,IEX,361425793267973,,quantity must be positive
T3INTC,2019-Oct-25 14:11:49.990000,2019-Oct-25 14:11:49.990000,REJECTED,REJECT,SPY,BUY,LIMIT,DAY,300.565000,100,0,0,100,0.000000,0.000000,SIM-1001-101,dlariviere,FILL_SIMULATOR,IEX,361425793267974,,limit price is not an increment of minimum tick size
T3INTC,2019-Oct-25 14:29:05.160000,2019-Oct-25 14:29:05.160000,REJECTED,REJECT,SPY,SELL,LIMIT,DAY,300.900000,0,0,0,0,0.000000,0.000000,SIM-1001-101,dlariviere,FILL_SIMULATOR,IEX,361425793267975,,quantity must be positive
T3INTC,2019-Oct-25 14:29:31.506000,2019-Oct-25 14:29:31.506000,FILLED,FILL,SPY,BUY,LIMIT,DAY,300.890000,57,0,57,0,300.890000,0.068400,SIM-1001-101,dlariviere,FILL_SIMULATOR,IEX,361425793267976,,
T3INTC,2019-Oct-25 14:40:09.348000,2019-Oct-25 14:40:09.348000,FILLED,FILL,SPY,SELL,LIMIT,DAY,300.920000,-57,0,-57,0,300.920000,0.452615,SIM-1001-101,dlariviere,FILL_SIMULATOR,IEX,361425793267977,,
T3INTC,2019-Oct-25 14:46:22.687000,2019-Oct-25 14:46:22.687000,FILLED,FILL,SPY,BUY,LIMIT,DAY,300.820000,24,0,24,0,300.820000,0.028800,SIM-1001-101,dlariviere,FILL_SIMULATOR,IEX,361425793267978,,
T3INTC,2019-Oct-25 15:09:29.762000,2019-Oct-25 15:09:29.762000,FILLED,FILL,SPY,SELL,LIMIT,DAY,301.330000,-24,0,-24,0,301.330000,0.190795,SIM-1001-101,dlariviere,FILL_SIMULATOR,IEX,361425793267979,,
T3INTC,2019-Oct-25 15:19:22.199000,2019-Oct-25 15:19:22.199000,FILLED,FILL,SPY,BUY,LIMIT,DAY,301.720000,100,0,100,0,301.720000,0.120000,SIM-1001-101,dlariviere,FILL_SIMULATOR,IEX,361425793267980,,
T3INTC,2019-Oct-25 15:21:03.361000,2019-Oct-25 15:21:03.361000,FILLED,FILL,SPY,SELL,LIMIT,DAY,301.860000,-100,0,-100,0,301.860000,0.796166,SIM-1001-101,dlariviere,FILL_SIMULATOR,IEX,361425793267981,,
T3INTC,2019-Oct-25 15:26:20.269000,2019-Oct-25 15:26:20.269000,FILLED,FILL,SPY,BUY,LIMIT,DAY,302.080000,12,0,12,0,302.080000,0.014400,SIM-1001-101,dlariviere,FILL_SIMULATOR,IEX,361425793267982,,
T3INTC,2019-Oct-25 15:29:27.582000,2019-Oct-25 15:29:27.582000,REJECTED,REJECT,SPY,SELL,LIMIT,DAY,302.065000,-12,0,0,-12,0.000000,0.000000,SIM-1001-101,dlariviere,FILL_SIMULATOR,IEX,361425793267983,,limit price is not an increment of minimum tick size
T3INTC,2019-Oct-25 15:41:13.639000,2019-Oct-25 15:41:13.639000,FILLED,FILL,SPY,BUY,LIMIT,DAY,301.980000,100,0,100,0,301.980000,0.120000,SIM-1001-101,dlariviere,FILL_SIMULATOR,IEX,361425793267984,,
T3INTC,2019-Oct-25 15:43:14.434000,2019-Oct-25 15:43:14.434000,REJECTED,REJECT,SPY,SELL,LIMIT,DAY,301.965000,-112,0,0,-112,0.000000,0.000000,SIM-1001-101,dlariviere,FILL_SIMULATOR,IEX,361425793267985,,limit price is not an increment of minimum tick size
T3INTC,2019-Oct-25 15:59:59.415000,2019-Oct-25 15:59:59.415000,FILLED,FILL,SPY,BUY,LIMIT,DAY,302.000000,100,0,100,0,302.000000,0.120000,SIM-1001-101,dlariviere,FILL_SIMULATOR,IEX,361425793267986,,
T3INTC,2019-Oct-25 16:34:31.981000,2019-Oct-25 16:34:31.981000,FILLED,FILL,SPY,SELL,LIMIT,DAY,301.870000,-212,0,-212,0,301.870000,1.687920,SIM-1001-101,dlariviere,FILL_SIMULATOR,IEX,361425793267987,,
T3INTC,2019-Oct-25 17:11:46.844000,2019-Oct-25 17:11:46.844000,FILLED,FILL,SPY,BUY,LIMIT,DAY,301.820000,100,0,100,0,301.820000,0.120000,SIM-1001-101,dlariviere,FILL_SIMULATOR,IEX,361425793267988,,
T3INTC,2019-Oct-28 13:30:00.977000,2019-Oct-28 13:30:00.977000,FILLED,FILL,SPY,SELL,LIMIT,DAY,302.930000,-100,0,-100,0,302.930000,0.798563,SIM-1001-101,dlariviere,FILL_SIMULATOR,IEX,361425793267989,,
T3INTC,2019-Oct-28 13:30:06.191000,2019-Oct-28 13:30:06.191000,FILLED,FILL,SPY,BUY,LIMIT,DAY,302.970000,200,0,200,0,302.970000,0.240000,SIM-1001-101,dlariviere,FILL_SIMULATOR,IEX,361425793267990,,
T3INTC,2019-Oct-28 13:30:43.295000,2019-Oct-28 13:30:43.295000,FILLED,FILL,SPY,SELL,LIMIT,DAY,303.050000,-200,0,-200,0,303.050000,1.597664,SIM-1001-101,dlariviere,FILL_SIMULATOR,IEX,361425793267991,,
T3INTC,2019-Oct-28 13:30:47.242000,2019-Oct-28 13:30:47.242000,FILLED,FILL,SPY,BUY,LIMIT,DAY,303.070000,40,0,40,0,303.070000,0.048000,SIM-1001-101,dlariviere,FILL_SIMULATOR,IEX,361425793267992,,
T3INTC,2019-Oct-28 13:32:04.851000,2019-Oct-28 13:32:04.851000,REJECTED,REJECT,SPY,SELL,LIMIT,DAY,303.195000,-40,0,0,-40,0.000000,0.000000,SIM-1001-101,dlariviere,FILL_SIMULATOR,IEX,361425793267993,,limit price is not an increment of minimum tick size
T3INTC,2019-Oct-28 13:32:14.277000,2019-Oct-28 13:32:14.277000,REJECTED,REJECT,SPY,BUY,LIMIT,DAY,303.215000,100,0,0,100,0.000000,0.000000,SIM-1001-101,dlariviere,FILL_SIMULATOR,IEX,361425793267994,,limit price is not an increment of minimum tick size
T3INTC,2019-Oct-28 13:32:25.547000,2019-Oct-28 13:32:25.547000,FILLED,FILL,SPY,SELL,LIMIT,DAY,303.210000,-40,0,-40,0,303.210000,0.319676,SIM-1001-101,dlariviere,FILL_SIMULATOR,IEX,361425793267995,,
T3INTC,2019-Oct-28 13:33:11.925000,2019-Oct-28 13:33:11.925000,FILLED,FILL,SPY,BUY,LIMIT,DAY,303.260000,100,0,100,0,303.260000,0.120000,SIM-1001-101,dlariviere,FILL_SIMULATOR,IEX,361425793267996,,
T3INTC,2019-Oct-28 13:35:09.564000,2019-Oct-28 13:35:09.564000,FILLED,FILL,SPY,SELL,LIMIT,DAY,303.340000,-100,0,-100,0,303.340000,0.799482,SIM-1001-101,dlariviere,FILL_SIMULATOR,IEX,361425793267997,,
T3INTC,2019-Oct-28 13:35:44.615000,2019-Oct-28 13:35:44.615000,FILLED,FILL,SPY,BUY,LIMIT,DAY,303.410000,96,0,96,0,303.410000,0.115200,SIM-1001-101,dlariviere,FILL_SIMULATOR,IEX,361425793267998,,
T3INTC,2019-Oct-28 13:36:43.328000,2019-Oct-28 13:36:43.328000,FILLED,FILL,SPY,SELL,LIMIT,DAY,303.540000,-96,0,-96,0,303.540000,0.767932,SIM-1001-101,dlariviere,FILL_SIMULATOR,IEX,361425793267999,,
T3INTC,2019-Oct-28 13:38:41.228000,2019-Oct-28 13:38:41.228000,FILLED,FILL,SPY,BUY,LIMIT,DAY,303.480000,100,0,100,0,303.480000,0.120000,SIM-1001-101,dlariviere,FILL_SIMULATOR,IEX,361425793268000,,
T3INTC,2019-Oct-28 13:43:16.688000,2019-Oct-28 13:43:16.688000,REJECTED,REJECT,SPY,SELL,LIMIT,DAY,303.515000,-100,0,0,-100,0.000000,0.000000,SIM-1001-101,dlariviere,FILL_SIMULATOR,IEX,361425793268001,,limit price is not an increment of minimum tick size
T3INTC,2019-Oct-28 14:05:18.526000,2019-Oct-28 14:05:18.526000,REJECTED,REJECT,SPY,BUY,LIMIT,DAY,303.505000,100,0,0,100,0.000000,0.000000,SIM-1001-101,dlariviere,FILL_SIMULATOR,IEX,361425793268002,,limit price is not an increment of minimum tick size
T3INTC,2019-Oct-28 14:11:42.898000,2019-Oct-28 14:11:42.898000,REJECTED,REJECT,SPY,SELL,LIMIT,DAY,303.525000,-100,0,0,-100,0.000000,0.000000,SIM-1001-101,dlariviere,FILL_SIMULATOR,IEX,361425793268003,,limit price is not an increment of minimum tick size
T3INTC,2019-Oct-28 14:19:29.612000,2019-Oct-28 14:19:29.612000,REJECTED,REJECT,SPY,BUY,LIMIT,DAY,303.515000,100,0,0,100,0.000000,0.000000,SIM-1001-101,dlariviere,FILL_SIMULATOR,IEX,361425793268004,,limit price is not an increment of minimum tick size
T3INTC,2019-Oct-28 14:31:22.589000,2019-Oct-28 14:31:22.589000,REJECTED,REJECT,SPY,SELL,LIMIT,DAY,303.585000,-100,0,0,-100,0.000000,0.000000,SIM-1001-101,dlariviere,FILL_SIMULATOR,IEX,361425793268005,,limit price is not an increment of minimum tick size
T3INTC,2019-Oct-28 14:43:10.963000,2019-Oct-28 14:43:10.963000,FILLED,FILL,SPY,BUY,LIMIT,DAY,303.580000,81,0,81,0,303.580000,0.097200,SIM-1001-101,dlariviere,FILL_SIMULATOR,IEX,361425793268006,,
T3INTC,2019-Oct-28 14:50:26.743000,2019-Oct-28 14:50:26.743000,FILLED,FILL,SPY,SELL,LIMIT,DAY,303.490000,-181,0,-181,0,303.490000,1.447670,SIM-1001-101,dlariviere,FILL_SIMULATOR,IEX,361425793268007,,
T3INTC,2019-Oct-28 16:07:54.647000,2019-Oct-28 16:07:54.647000,FILLED,FILL,SPY,BUY,LIMIT,DAY,303.300000,100,0,100,0,303.300000,0.120000,SIM-1001-101,dlariviere,FILL_SIMULATOR,IEX,361425793268008,,
T3INTC,2019-Oct-28 16:34:04.528000,2019-Oct-28 16:34:04.528000,FILLED,FILL,SPY,SELL,LIMIT,DAY,303.290000,-100,0,-100,0,303.290000,0.799370,SIM-1001-101,dlariviere,FILL_SIMULATOR,IEX,361425793268009,,
T3INTC,2019-Oct-29 13:30:05.351000,2019-Oct-29 13:30:05.351000,REJECTED,REJECT,SPY,BUY,LIMIT,DAY,302.935000,3,0,0,3,0.000000,0.000000,SIM-1001-101,dlariviere,FILL_SIMULATOR,IEX,361425793268010,,limit price is not an increment of minimum tick size
T3INTC,2019-Oct-29 13:31:22.676000,2019-Oct-29 13:31:22.676000,REJECTED,REJECT,SPY,SELL,LIMIT,DAY,302.940000,0,0,0,0,0.000000,0.000000,SIM-1001-101,dlariviere,FILL_SIMULATOR,IEX,361425793268011,,quantity must be positive
T3INTC,2019-Oct-29 13:31:33.395000,2019-Oct-29 13:31:33.395000,FILLED,FILL,SPY,BUY,LIMIT,DAY,302.910000,100,0,100,0,302.910000,0.120000,SIM-1001-101,dlariviere,FILL_SIMULATOR,IEX,361425793268012,,
T3INTC,2019-Oct-29 13:33:14.928000,2019-Oct-29 13:33:14.928000,REJECTED,REJECT,SPY,SELL,LIMIT,DAY,303.005000,-100,0,0,-100,0.000000,0.000000,SIM-1001-101,dlariviere,FILL_SIMULATOR,IEX,361425793268013,,limit price is not an increment of minimum tick size
T3INTC,2019-Oct-29 13:33:50.244000,2019-Oct-29 13:33:50.244000,FILLED,FILL,SPY,BUY,LIMIT,DAY,302.950000,82,0,82,0,302.950000,0.098400,SIM-1001-101,dlariviere,FILL_SIMULATOR,IEX,361425793268014,,
T3INTC,2019-Oct-29 13:34:23.174000,2019-Oct-29 13:34:23.174000,FILLED,FILL,SPY,SELL,LIMIT,DAY,303.000000,-182,0,-182,0,303.000000,1.453670,SIM-1001-101,dlariviere,FILL_SIMULATOR,IEX,361425793268015,,
T3INTC,2019-Oct-29 13:35:58.707000,2019-Oct-29 13:35:58.707000,FILLED,FILL,SPY,BUY,LIMIT,DAY,303.030000,100,0,100,0,303.030000,0.120000,SIM-1001-101,dlariviere,FILL_SIMULATOR,IEX,361425793268016,,
T3INTC,2019-Oct-29 13:36:09.914000,2019-Oct-29 13:36:09.914000,FILLED,FILL,SPY,SELL,LIMIT,DAY,303.050000,-100,0,-100,0,303.050000,0.798832,SIM-1001-101,dlariviere,FILL_SIMULATOR,IEX,361425793268017,,
T3INTC,2019-Oct-29 13:37:25.923000,2019-Oct-29 13:37:25.923000,FILLED,FILL,SPY,BUY,LIMIT,DAY,303.000000,100,0,100,0,303.000000,0.120000,SIM-1001-101,dlariviere,FILL_SIMULATOR,IEX,361425793268018,,
T3INTC,2019-Oct-29 13:38:07.452000,2019-Oct-29 13:38:07.452000,FILLED,FILL,SPY,SELL,LIMIT,DAY,303.000000,-100,0,-100,0,303.000000,0.798720,SIM-1001-101,dlariviere,FILL_SIMULATOR,IEX,361425793268019,,
T3INTC,2019-Oct-29 13:46:07.587000,2019-Oct-29 13:46:07.587000,FILLED,FILL,SPY,BUY,LIMIT,DAY,303.290000,100,0,100,0,303.290000,0.120000,SIM-1001-101,dlariviere,FILL_SIMULATOR,IEX,361425793268020,,
T3INTC,2019-Oct-29 14:05:20.945000,2019-Oct-29 14:05:20.945000,FILLED,FILL,SPY,SELL,LIMIT,DAY,303.200000,-100,0,-100,0,303.200000,0.799168,SIM-1001-101,dlariviere,FILL_SIMULATOR,IEX,361425793268021,,
T3INTC,2019-Oct-29 14:12:00.930000,2019-Oct-29 14:12:00.930000,FILLED,FILL,SPY,BUY,LIMIT,DAY,303.390000,100,0,100,0,303.390000,0.120000,SIM-1001-101,dlariviere,FILL_SIMULATOR,IEX,361425793268022,,
T3INTC,2019-Oct-29 14:16:12.913000,2019-Oct-29 14:16:12.913000,REJECTED,REJECT,SPY,SELL,LIMIT,DAY,303.405000,-100,0,0,-100,0.000000,0.000000,SIM-1001-101,dlariviere,FILL_SIMULATOR,IEX,361425793268023,,limit price is not an increment of minimum tick size
T3INTC,2019-Oct-29 14:16:38.617000,2019-Oct-29 14:16:38.617000,REJECTED,REJECT,SPY,BUY,LIMIT,DAY,303.435000,71,0,0,71,0.000000,0.000000,SIM-1001-101,dlariviere,FILL_SIMULATOR,IEX,361425793268024,,limit price is not an increment of minimum tick size
T3INTC,2019-Oct-29 14:40:34.181000,2019-Oct-29 14:40:34.181000,REJECTED,REJECT,SPY,SELL,LIMIT,DAY,303.735000,-100,0,0,-100,0.000000,0.000000,SIM-1001-101,dlariviere,FILL_SIMULATOR,IEX,361425793268025,,limit price is not an increment of minimum tick size
T3INTC,2019-Oct-29 15:46:49.611000,2019-Oct-29 15:46:49.611000,FILLED,FILL,SPY,BUY,LIMIT,DAY,303.730000,1,0,1,0,303.730000,0.001200,SIM-1001-101,dlariviere,FILL_SIMULATOR,IEX,361425793268026,,
T3INTC,2019-Oct-29 15:59:10.680000,2019-Oct-29 15:59:10.680000,FILLED,FILL,SPY,SELL,LIMIT,DAY,303.460000,-101,0,-101,0,303.460000,0.807748,SIM-1001-101,dlariviere,FILL_SIMULATOR,IEX,361425793268027,,
T3INTC,2019-Oct-29 15:59:36.826000,2019-Oct-29 15:59:36.826000,FILLED,FILL,SPY,BUY,LIMIT,DAY,303.260000,100,0,100,0,303.260000,0.120000,SIM-1001-101,dlariviere,FILL_SIMULATOR,IEX,361425793268028,,
T3INTC,2019-Oct-29 16:00:16.456000,2019-Oct-29 16:00:16.456000,FILLED,FILL,SPY,SELL,LIMIT,DAY,303.140000,-100,0,-100,0,303.140000,0.799034,SIM-1001-101,dlariviere,FILL_SIMULATOR,IEX,361425793268029,,
T3INTC,2019-Oct-30 13:30:03.937000,2019-Oct-30 13:30:03.937000,FILLED,FILL,SPY,BUY,LIMIT,DAY,303.350000,100,0,100,0,303.350000,0.120000,SIM-1001-101,dlariviere,FILL_SIMULATOR,IEX,361425793268030,,
T3INTC,2019-Oct-30 13:30:05.610000,2019-Oct-30 13:30:05.610000,FILLED,FILL,SPY,SELL,LIMIT,DAY,303.350000,-100,0,-100,0,303.350000,0.799504,SIM-1001-101,dlariviere,FILL_SIMULATOR,IEX,361425793268031,,
T3INTC,2019-Oct-30 13:32:40.462000,2019-Oct-30 13:32:40.462000,FILLED,FILL,SPY,BUY,LIMIT,DAY,303.140000,100,0,100,0,303.140000,0.120000,SIM-1001-101,dlariviere,FILL_SIMULATOR,IEX,361425793268032,,
T3INTC,2019-Oct-30 13:35:02.755000,2019-Oct-30 13:35:02.755000,FILLED,FILL,SPY,SELL,LIMIT,DAY,302.910000,-100,0,-100,0,302.910000,0.798518,SIM-1001-101,dlariviere,FILL_SIMULATOR,IEX,361425793268033,,
T3INTC,2019-Oct-30 13:37:59.244000,2019-Oct-30 13:37:59.244000,REJECTED,REJECT,SPY,BUY,LIMIT,DAY,302.775000,20,0,0,20,0.000000,0.000000,SIM-1001-101,dlariviere,FILL_SIMULATOR,IEX,361425793268034,,limit price is not an increment of minimum tick size
T3INTC,2019-Oct-30 13:38:44.242000,2019-Oct-30 13:38:44.242000,REJECTED,REJECT,SPY,SELL,LIMIT,DAY,302.730000,0,0,0,0,0.000000,0.000000,SIM-1001-101,dlariviere,FILL_SIMULATOR,IEX,361425793268035,,quantity must be positive
T3INTC,2019-Oct-30 14:03:53.701000,2019-Oct-30 14:03:53.701000,FILLED,FILL,SPY,BUY,LIMIT,DAY,302.280000,1500,0,1500,0,302.280000,1.800000,SIM-1001-101,dlariviere,FILL_SIMULATOR,IEX,361425793268036,,
T3INTC,2019-Oct-30 14:03:55.613000,2019-Oct-30 14:03:55.613000,REJECTED,REJECT,SPY,SELL,LIMIT,DAY,302.325000,-1500,0,0,-1500,0.000000,0.000000,SIM-1001-101,dlariviere,FILL_SIMULATOR,IEX,361425793268037,,limit price is not an increment of minimum tick size
T3INTC,2019-Oct-30 14:04:11.475000,2019-Oct-30 14:04:11.475000,FILLED,FILL,SPY,BUY,LIMIT,DAY,302.410000,34,0,34,0,302.410000,0.040800,SIM-1001-101,dlariviere,FILL_SIMULATOR,IEX,361425793268038,,
T3INTC,2019-Oct-30 14:04:36.455000,2019-Oct-30 14:04:36.455000,FILLED,FILL,SPY,SELL,LIMIT,DAY,302.560000,-1534,0,-1534,0,302.560000,12.237246,SIM-1001-101,dlariviere,FILL_SIMULATOR,IEX,361425793268039,,
T3INTC,2019-Oct-30 14:04:50.985000,2019-Oct-30 14:04:50.985000,REJECTED,REJECT,SPY,BUY,LIMIT,DAY,302.675000,500,0,0,500,0.000000,0.000000,SIM-1001-101,dlariviere,FILL_SIMULATOR,IEX,361425793268040,,limit price is not an increment of minimum tick size
T3INTC,2019-Oct-30 14:06:54.650000,2019-Oct-30 14:06:54.650000,REJECTED,REJECT,SPY,SELL,LIMIT,DAY,302.610000,0,0,0,0,0.000000,0.000000,SIM-1001-101,dlariviere,FILL_SIMULATOR,IEX,361425793268041,,quantity must be positive
T3INTC,2019-Oct-30 14:13:31.499000,2019-Oct-30 14:13:31.499000,FILLED,FILL,SPY,BUY,LIMIT,DAY,302.900000,100,0,100,0,302.900000,0.120000,SIM-1001-101,dlariviere,FILL_SIMULATOR,IEX,361425793268042,,
T3INTC,2019-Oct-30 14:19:47.134000,2019-Oct-30 14:19:47.134000,FILLED,FILL,SPY,SELL,LIMIT,DAY,302.940000,-100,0,-100,0,302.940000,0.798586,SIM-1001-101,dlariviere,FILL_SIMULATOR,IEX,361425793268043,,
T3INTC,2019-Oct-30 14:23:35.859000,2019-Oct-30 14:23:35.859000,FILLED,FILL,SPY,BUY,LIMIT,DAY,302.950000,200,0,200,0,302.950000,0.240000,SIM-1001-101,dlariviere,FILL_SIMULATOR,IEX,361425793268044,,
T3INTC,2019-Oct-30 15:00:51.198000,2019-Oct-30 15:00:51.198000,REJECTED,REJECT,SPY,SELL,LIMIT,DAY,303.005000,-200,0,0,-200,0.000000,0.000000,SIM-1001-101,dlariviere,FILL_SIMULATOR,IEX,361425793268045,,limit price is not an increment of minimum tick size
T3INTC,2019-Oct-30 15:04:24.248000,2019-Oct-30 15:04:24.248000,FILLED,FILL,SPY,BUY,LIMIT,DAY,303.030000,80,0,80,0,303.030000,0.096000,SIM-1001-101,dlariviere,FILL_SIMULATOR,IEX,361425793268046,,
T3INTC,2019-Oct-30 15:13:57.737000,2019-Oct-30 15:13:57.737000,FILLED,FILL,SPY,SELL,LIMIT,DAY,303.050000,-280,0,-280,0,303.050000,2.236730,SIM-1001-101,dlariviere,FILL_SIMULATOR,IEX,361425793268047,,
T3INTC,2019-Oct-30 17:47:38.165000,2019-Oct-30 17:47:38.165000,FILLED,FILL,SPY,BUY,LIMIT,DAY,303.010000,100,0,100,0,303.010000,0.120000,SIM-1001-101,dlariviere,FILL_SIMULATOR,IEX,361425793268048,,
T3INTC,2019-Oct-30 17:48:57.518000,2019-Oct-30 17:48:57.518000,FILLED,FILL,SPY,SELL,LIMIT,DAY,302.750000,-100,0,-100,0,302.750000,0.798160,SIM-1001-101,dlariviere,FILL_SIMULATOR,IEX,361425793268049,,
T3INTC,2019-Oct-30 18:00:15.362000,2019-Oct-30 18:00:15.362000,FILLED,FILL,SPY,BUY,LIMIT,DAY,302.590000,100,0,100,0,302.590000,0.120000,SIM-1001-101,dlariviere,FILL_SIMULATOR,IEX,361425793268050,,
T3INTC,2019-Oct-30 18:00:51.445000,2019-Oct-30 18:00:51.445000,FILLED,FILL,SPY,SELL,LIMIT,DAY,302.230000,-100,0,-100,0,302.230000,0.796995,SIM-1001-101,dlariviere,FILL_SIMULATOR,IEX,361425793268051,,
T3INTC,2019-Oct-30 18:00:59.118000,2019-Oct-30 18:00:59.118000,REJECTED,REJECT,SPY,BUY,LIMIT,DAY,302.355000,1,0,0,1,0.000000,0.000000,SIM-1001-101,dlariviere,FILL_SIMULATOR,IEX,361425793268052,,limit price is not an increment of minimum tick size
T3INTC,2019-Oct-30 18:02:32.790000,2019-Oct-30 18:02:32.790000,REJECTED,REJECT,SPY,SELL,LIMIT,DAY,302.590000,0,0,0,0,0.000000,0.000000,SIM-1001-101,dlariviere,FILL_SIMULATOR,IEX,361425793268053,,quantity must be positive
T3INTC,2019-Oct-30 18:03:55.567000,2019-Oct-30 18:03:55.567000,FILLED,FILL,SPY,BUY,LIMIT,DAY,302.660000,100,0,100,0,302.660000,0.120000,SIM-1001-101,dlariviere,FILL_SIMULATOR,IEX,361425793268054,,
T3INTC,2019-Oct-30 18:33:22.795000,2019-Oct-30 18:33:22.795000,FILLED,FILL,SPY,SELL,LIMIT,DAY,302.790000,-100,0,-100,0,302.790000,0.798250,SIM-1001-101,dlariviere,FILL_SIMULATOR,IEX,361425793268055,,
T3INTC,2019-Oct-30 18:44:14.830000,2019-Oct-30 18:44:14.830000,FILLED,FILL,SPY,BUY,LIMIT,DAY,303.000000,6,0,6,0,303.000000,0.007200,SIM-1001-101,dlariviere,FILL_SIMULATOR,IEX,361425793268056,,
T3INTC,2019-Oct-30 18:52:57.636000,2019-Oct-30 18:52:57.636000,FILLED,FILL,SPY,SELL,LIMIT,DAY,303.560000,-6,0,-6,0,303.560000,0.047998,SIM-1001-101,dlariviere,FILL_SIMULATOR,IEX,361425793268057,,
T3INTC,2019-Oct-30 19:23:41.696000,2019-Oct-30 19:23:41.696000,FILLED,FILL,SPY,BUY,LIMIT,DAY,304.200000,500,0,500,0,304.200000,0.600000,SIM-1001-101,dlariviere,FILL_SIMULATOR,IEX,361425793268058,,
T3INTC,2019-Oct-31 13:30:00.357000,2019-Oct-31 13:30:00.357000,FILLED,FILL,SPY,SELL,LIMIT,DAY,304.120000,-500,0,-500,0,304.120000,4.006144,SIM-1001-101,dlariviere,FILL_SIMULATOR,IEX,361425793268059,,
T3INTC,2019-Oct-31 13:33:11.692000,2019-Oct-31 13:33:11.692000,FILLED,FILL,SPY,BUY,LIMIT,DAY,303.780000,100,0,100,0,303.780000,0.120000,SIM-1001-101,dlariviere,FILL_SIMULATOR,IEX,361425793268060,,
T3INTC,2019-Oct-31 13:35:06.855000,2019-Oct-31 13:35:06.855000,FILLED,FILL,SPY,SELL,LIMIT,DAY,304.000000,-100,0,-100,0,304.000000,0.800960,SIM-1001-101,dlariviere,FILL_SIMULATOR,IEX,361425793268061,,
T3INTC,2019-Oct-31 13:36:25.433000,2019-Oct-31 13:36:25.433000,FILLED,FILL,SPY,BUY,LIMIT,DAY,303.820000,1,0,1,0,303.820000,0.001200,SIM-1001-101,dlariviere,FILL_SIMULATOR,IEX,361425793268062,,
T3INTC,2019-Oct-31 13:36:42.827000,2019-Oct-31 13:36:42.827000,FILLED,FILL,SPY,SELL,LIMIT,DAY,303.960000,-1,0,-1,0,303.960000,0.008009,SIM-1001-101,dlariviere,FILL_SIMULATOR,IEX,361425793268063,,
T3INTC,2019-Oct-31 13:37:37.489000,2019-Oct-31 13:37:37.489000,FILLED,FILL,SPY,BUY,LIMIT,DAY,303.850000,75,0,75,0,303.850000,0.090000,SIM-1001-101,dlariviere,FILL_SIMULATOR,IEX,361425793268064,,
T3INTC,2019-Oct-31 13:38:20.473000,2019-Oct-31 13:38:20.473000,FILLED,FILL,SPY,SELL,LIMIT,DAY,303.860000,-75,0,-75,0,303.860000,0.600485,SIM-1001-101,dlariviere,FILL_SIMULATOR,IEX,361425793268065,,
T3INTC,2019-Oct-31 13:41:03.542000,2019-Oct-31 13:41:03.542000,REJECTED,REJECT,SPY,BUY,LIMIT,DAY,303.925000,259,0,0,259,0.000000,0.000000,SIM-1001-101,dlariviere,FILL_SIMULATOR,IEX,361425793268066,,limit price is not an increment of minimum tick size
T3INTC,2019-Oct-31 13:43:25.554000,2019-Oct-31 13:43:25.554000,REJECTED,REJECT,SPY,SELL,LIMIT,DAY,303.635000,0,0,0,0,0.000000,0.000000,SIM-1001-101,dlariviere,FILL_SIMULATOR,IEX,361425793268067,,quantity must be positive
T3INTC,2019-Oct-31 13:44:28.313000,2019-Oct-31 13:44:28.313000,FILLED,FILL,SPY,BUY,LIMIT,DAY,303.630000,191,0,191,0,303.630000,0.229200,SIM-1001-101,dlariviere,FILL_SIMULATOR,IEX,361425793268068,,
T3INTC,2019-Oct-31 13:45:20.558000,2019-Oct-31 13:45:20.558000,FILLED,FILL,SPY,SELL,LIMIT,DAY,303.640000,-191,0,-191,0,303.640000,1.528293,SIM-1001-101,dlariviere,FILL_SIMULATOR,IEX,361425793268069,,
T3INTC,2019-Oct-31 14:23:35.848000,2019-Oct-31 14:23:35.848000,FILLED,FILL,SPY,BUY,LIMIT,DAY,302.420000,400,0,400,0,302.420000,0.480000,SIM-1001-101,dlariviere,FILL_SIMULATOR,IEX,361425793268070,,
T3INTC,2019-Oct-31 14:29:25.261000,2019-Oct-31 14:29:25.261000,REJECTED,REJECT,SPY,SELL,LIMIT,DAY,302.365000,-400,0,0,-400,0.000000,0.000000,SIM-1001-101,dlariviere,FILL_SIMULATOR,IEX,361425793268071,,limit price is not an increment of minimum tick size
T3INTC,2019-Oct-31 14:43:44.104000,2019-Oct-31 14:43:44.104000,FILLED,FILL,SPY,BUY,LIMIT,DAY,302.230000,100,0,100,0,302.230000,0.120000,SIM-1001-101,dlariviere,FILL_SIMULATOR,IEX,361425793268072,,
T3INTC,2019-Oct-31 15:00:51.596000,2019-Oct-31 15:00:51.596000,REJECTED,REJECT,SPY,SELL,LIMIT,DAY,302.755000,-500,0,0,-500,0.000000,0.000000,SIM-1001-101,dlariviere,FILL_SIMULATOR,IEX,361425793268073,,limit price is not an increment of minimum tick size
T3INTC,2019-Oct-31 15:06:11.180000,2019-Oct-31 15:06:11.180000,FILLED,FILL,SPY,BUY,LIMIT,DAY,302.900000,500,0,500,0,302.900000,0.600000,SIM-1001-101,dlariviere,FILL_SIMULATOR,IEX,361425793268074,,
T3INTC,2019-Oct-31 15:17:17.344000,2019-Oct-31 15:17:17.344000,FILLED,FILL,SPY,SELL,LIMIT,DAY,302.770000,-1000,0,-1000,0,302.770000,7.982048,SIM-1001-101,dlariviere,FILL_SIMULATOR,IEX,361425793268075,,
T3INTC,2019-Oct-31 15:56:10.786000,2019-Oct-31 15:56:10.786000,FILLED,FILL,SPY,BUY,LIMIT,DAY,302.820000,100,0,100,0,302.820000,0.120000,SIM-1001-101,dlariviere,FILL_SIMULATOR,IEX,361425793268076,,
T3INTC,2019-Oct-31 15:59:58.686000,2019-Oct-31 15:59:58.686000,FILLED,FILL,SPY,SELL,LIMIT,DAY,302.690000,-100,0,-100,0,302.690000,0.798026,SIM-1001-101,dlariviere,FILL_SIMULATOR,IEX,361425793268077,,
T3INTC,2019-Oct-31 16:25:21.984000,2019-Oct-31 16:25:21.984000,FILLED,FILL,SPY,BUY,LIMIT,DAY,302.280000,1,0,1,0,302.280000,0.001200,SIM-1001-101,dlariviere,FILL_SIMULATOR,IEX,361425793268078,,
T3INTC,2019-Oct-31 17:19:11.586000,2019-Oct-31 17:19:11.586000,FILLED,FILL,SPY,SELL,LIMIT,DAY,302.320000,-1,0,-1,0,302.320000,0.007972,SIM-1001-101,dlariviere,FILL_SIMULATOR,IEX,361425793268079,,
T3INTC,2019-Oct-31 17:19:21.897000,2019-Oct-31 17:19:21.897000,FILLED,FILL,SPY,BUY,LIMIT,DAY,302.320000,17,0,17,0,302.320000,0.020400,SIM-1001-101,dlariviere,FILL_SIMULATOR,IEX,361425793268080,,
T3INTC,2019-Oct-31 17:49:48.887000,2019-Oct-31 17:49:48.887000,FILLED,FILL,SPY,SELL,LIMIT,DAY,302.420000,-17,0,-17,0,302.420000,0.135562,SIM-1001-101,dlariviere,FILL_SIMULATOR,IEX,361425793268081,,
